pop,neg_phi,k,aps,n_phi,n_k,prod_n,linked,bits,settles,refutes,ms,note
fwd,1state1ap0acc_3,1state1ap0acc_0,0,2,2,2,1,1,1,1,0.8,
fwd,3state1ap0acc_026684,3state1ap0acc_025264_c,1,45,65,350,5076,171,0,0,5846.7,
fwd,3state1ap0acc_090184,3state1ap0acc_072710_c,1,13,77,95,445,34,0,0,84.5,
fwd,3state1ap0acc_004772_c,3state1ap0acc_021920_c,1,15,31,86,421,15,0,0,110.4,
fwd,3state1ap0acc_080964,3state1ap0acc_024912,1,51,30,88,435,49,0,1,150.1,
fwd,3state1ap0acc_005148,3state1ap0acc_074472,1,30,58,85,475,19,0,0,95.7,
fwd,2state1ap2acc_parity_0138758442,4state1ap2acc_parity_002914461322280394910983122525890915648,1,8,20,42,113,13,0,0,11.2,
fwd,3state1ap0acc_070056_c,2state1ap2acc_parity_0004496645,1,9,22,35,138,40,0,1,21.3,
fwd,3state1ap0acc_078488,3state1ap0acc_004664,1,32,14,56,202,32,0,1,46.6,
fwd,3state1ap0acc_075820_c,4state1ap1acc_parity_16190721614078576674,1,71,8,92,416,5,0,0,115.8,
fwd,3state1ap0acc_080393_c,3state1ap0acc_070260_c,1,38,58,246,3455,49,0,0,2198.6,
fwd,3state1ap1acc_38522602760,2state1ap2acc_parity_0002234960,1,34,10,80,318,59,0,0,72.6,
fwd,3state1ap0acc_008292_c,3state1ap0acc_021108,1,15,47,98,427,35,0,1,232.3,
fwd,3state1ap1acc_10818159298_c,3state1ap1acc_22079178886,1,25,6,34,52,1,0,0,2.1,
fwd,2state1ap2acc_parity_0352460833_c,3state1ap0acc_070788_c,1,6,30,37,113,7,0,0,19.9,
fwd,2state1ap2acc_parity_0008557064,3state1ap0acc_025109_c,1,17,13,36,82,6,0,0,4.8,
fwd,3state1ap0acc_029966_c,3state1ap0acc_078948,1,42,11,74,726,17,0,0,209.6,
fwd,3state1ap0acc_074388_c,3state1ap1acc_00265838612_c,1,21,8,29,161,7,0,0,19.7,
fwd,4state1ap1acc_parity_04925124450998633873_c,3state1ap0acc_013356_c,1,7,25,49,111,15,0,0,12.9,
fwd,3state1ap0acc_075285_c,3state1ap0acc_076317,1,32,26,83,512,21,0,0,213.4,
fwd,2state1ap2acc_parity_0574882177,3state1ap0acc_073868_c,1,4,14,21,30,8,0,0,1.9,
fwd,2state1ap0acc_053,3state1ap0acc_004504_c,1,9,21,58,163,14,0,0,16.3,
fwd,3state1ap0acc_012552,4state1ap2acc_parity_189888352042736996057462590870753750530,1,7,20,30,60,14,1,0,6.1,
fwd,2state1ap2acc_parity_0094315016,3state1ap1acc_10821896874_c,1,15,10,25,93,25,0,0,9.2,
fwd,3state1ap1acc_01112278057_c,2state1ap2acc_parity_0004552970_c,1,8,9,20,30,7,0,0,1.8,
fwd,2state1ap2acc_parity_0039407872,3state1ap0acc_024916_c,1,5,20,27,125,7,0,0,7.0,
fwd,3state1ap1acc_18673175256,3state1ap1acc_parity_08657112224,1,10,15,35,86,12,0,0,15.6,
fwd,3state1ap0acc_012366,3state1ap0acc_092174,1,8,55,94,701,20,0,0,275.0,
fwd,3state1ap0acc_013676,3state1ap2acc_parity_0202938255164409266256_c,1,17,12,35,197,37,0,0,35.5,
fwd,3state1ap0acc_007198_c,3state1ap0acc_080004_c,1,50,27,104,729,12,0,0,251.4,
fwd,3state1ap0acc_004741,3state1ap0acc_024802,1,5,20,22,81,8,0,0,7.6,
fwd,3state1ap0acc_025632,3state1ap0acc_073993,1,15,5,28,39,14,0,0,4.4,
fwd,3state1ap0acc_025625,3state1ap0acc_071308_c,1,19,46,118,662,22,0,0,138.9,
fwd,2state1ap2acc_parity_0541081603,3state1ap0acc_073800_c,1,13,12,28,28,2,0,0,3.1,
fwd,3state1ap1acc_22364973222,3state1ap0acc_005254,1,6,14,19,45,8,0,0,4.8,
fwd,3state1ap0acc_030120,2state1ap0acc_106_c,1,12,12,31,172,10,0,0,23.1,
fwd,3state1ap0acc_075333_c,3state1ap0acc_023089,1,46,32,165,1761,75,0,0,798.0,
fwd,3state1ap1acc_18420848649_c,3state1ap0acc_075796,1,8,21,32,62,11,1,0,6.8,
fwd,2state1ap1acc_06532,2state1ap2acc_parity_0717635593,1,8,13,21,33,12,0,0,3.8,
fwd,3state1ap0acc_006478_c,3state1ap0acc_081476_c,1,15,30,47,209,33,0,0,47.1,
fwd,3state1ap0acc_006440_c,3state1ap0acc_075812,1,32,19,199,1335,39,0,0,577.0,
fwd,3state1ap0acc_025312,2state1ap2acc_parity_0005106434_c,1,58,8,64,296,36,0,0,44.7,
fwd,2state1ap2acc_parity_0682573952_c,3state1ap0acc_006188,1,17,21,69,175,34,0,0,40.5,
fwd,3state1ap1acc_35719401600_c,3state1ap0acc_070248_c,1,11,21,46,148,15,0,0,28.1,
fwd,4state1ap2acc_parity_189524291821398297457560207943178585638_c,3state1ap0acc_074824,1,14,25,36,115,13,1,0,13.8,
fwd,3state1ap0acc_005514,3state1ap0acc_080964_c,1,25,51,180,1310,60,0,0,336.0,
fwd,3state1ap0acc_024841,3state1ap0acc_006472_c,1,6,21,34,63,3,0,0,3.7,
fwd,3state1ap2acc_parity_0249175337818233701902,3state1ap0acc_025106,1,84,11,136,447,65,1,0,203.2,
fwd,3state1ap0acc_030733_c,3state1ap0acc_005288_c,1,7,14,23,70,2,0,0,4.7,
fwd,3state1ap0acc_012620_c,3state1ap0acc_069828,1,18,13,38,182,28,0,0,25.4,
fwd,3state1ap0acc_029028,3state1ap1acc_45103587365_c,1,27,25,98,693,7,0,0,125.4,
fwd,3state1ap0acc_007214,3state1ap0acc_024707,1,19,5,30,203,25,0,0,27.1,
fwd,3state1ap0acc_029996,3state1ap0acc_077128,1,27,19,72,704,71,0,0,338.3,
fwd,3state1ap0acc_024684_c,3state1ap0acc_007716_c,1,26,50,395,3087,57,0,0,4744.2,
fwd,3state1ap0acc_031010,3state1ap0acc_075972,1,32,24,149,965,43,0,0,371.2,
fwd,3state1ap0acc_026641_c,3state1ap0acc_012568,1,15,14,54,100,26,0,0,29.1,
fwd,3state1ap1acc_05671138568,3state1ap0acc_029325,1,7,7,12,41,3,0,0,4.3,
fwd,4state1ap1acc_parity_00252289612356345418_c,2state1ap1acc_04644,1,31,4,36,79,12,0,0,15.2,
fwd,3state1ap0acc_005514,3state1ap0acc_024720_c,1,25,12,46,150,7,0,0,12.0,
fwd,3state1ap0acc_015365,3state1ap0acc_030724_c,1,38,21,87,340,21,0,0,55.5,
fwd,2state1ap2acc_parity_0047726660_c,3state1ap0acc_006328_c,1,20,26,85,419,20,0,0,142.8,
fwd,3state1ap0acc_007448_c,3state1ap0acc_021104_c,1,58,65,406,5313,100,0,0,10829.3,
fwd,3state1ap0acc_076868,2state1ap2acc_parity_1413644800,1,58,14,89,550,92,0,0,159.4,
fwd,3state1ap0acc_024692,3state1ap0acc_029966,1,97,42,340,4190,75,0,0,4003.5,
fwd,2state1ap2acc_parity_0285476138_c,3state1ap1acc_01343514762_c,1,14,12,25,93,8,0,0,16.1,
fwd,3state1ap0acc_096398_c,3state1ap0acc_030112_c,1,16,34,95,720,21,0,0,189.6,
fwd,3state1ap0acc_020738,3state1ap1acc_21642354752_c,1,6,9,11,27,6,0,0,1.8,
fwd,2state1ap2acc_parity_0006272130,3state1ap0acc_004756,1,10,13,24,69,18,0,0,6.5,
fwd,3state1ap0acc_025136_c,3state1ap0acc_030028_c,1,14,24,70,217,30,0,0,111.0,
fwd,3state1ap0acc_005764_c,3state1ap0acc_030856_c,1,14,18,62,523,20,0,0,131.4,
fwd,3state1ap0acc_069704,3state1ap0acc_030056_c,1,10,10,20,40,10,0,0,3.8,
fwd,3state1ap1acc_01216476160_c,3state1ap0acc_006152,1,24,12,47,97,33,1,0,25.4,
fwd,3state1ap0acc_012388_c,3state1ap0acc_075782,1,17,25,110,475,46,0,0,141.9,
fwd,3state1ap1acc_34454789696,3state1ap2acc_parity_0249175337818233701902_c,1,9,84,179,750,35,0,0,491.5,
fwd,3state1ap0acc_071308_c,2state1ap2acc_parity_2751987743,1,46,4,48,206,9,0,0,34.0,
fwd,3state1ap1acc_25170543041_c,3state1ap0acc_006170_c,1,12,22,53,172,9,0,0,23.7,
fwd,3state1ap0acc_006662_c,4state1ap2acc_parity_031969154920980509553928165694307535558,1,19,26,106,359,51,0,0,111.1,
fwd,3state1ap0acc_005769_c,3state1ap0acc_030729,1,21,50,204,1806,42,0,0,1103.0,
fwd,3state1ap0acc_013645_c,3state1ap0acc_024948_c,1,27,57,136,1017,24,0,0,389.9,
fwd,3state1ap0acc_007560_c,3state1ap0acc_029734_c,1,12,72,229,2570,66,0,0,2060.1,
fwd,2state1ap2acc_parity_0004538925_c,2state1ap1acc_05196_c,1,11,13,31,103,8,0,0,13.0,
fwd,3state1ap0acc_021025_c,2state1ap0acc_026_c,1,17,6,17,24,1,0,0,2.6,
fwd,2state1ap2acc_parity_0002114561,3state1ap0acc_074056,1,10,11,25,47,17,0,0,4.7,
fwd,3state1ap1acc_parity_34972191752,3state1ap0acc_004426,1,23,5,29,27,14,0,0,9.1,
fwd,3state1ap0acc_015380_c,4state1ap1acc_parity_00876585690160238598_c,1,36,10,84,164,38,0,0,94.9,
fwd,3state1ap1acc_20944955967_c,3state1ap0acc_076293,1,10,12,26,60,11,0,0,4.9,
fwd,3state1ap0acc_013645,2state1ap2acc_parity_0022079492_c,1,27,17,69,309,15,0,0,39.5,
fwd,3state1ap0acc_074325,2state1ap1acc_06536,1,36,6,39,241,18,0,0,23.0,
fwd,3state1ap0acc_021657,3state1ap0acc_070360,1,67,32,240,2641,75,0,0,1757.8,
fwd,3state1ap1acc_00577895438_c,3state1ap0acc_024684,1,7,26,37,129,16,0,0,16.6,
fwd,3state1ap0acc_020556,2state1ap2acc_parity_0069045002,1,10,6,15,34,11,0,0,2.6,
fwd,3state1ap1acc_06510251562,3state1ap0acc_024912_c,1,16,30,67,374,4,0,0,90.6,
fwd,3state1ap2acc_parity_0863325839619135019271,3state1ap0acc_030228_c,1,62,47,203,1590,69,0,0,1050.9,
fwd,3state1ap1acc_parity_09932264476,3state1ap0acc_076042,1,5,73,80,425,28,0,0,160.0,
fwd,3state1ap0acc_029976,3state1ap0acc_078858,1,63,21,170,1527,42,0,0,685.0,
fwd,3state1ap0acc_080518_c,2state1ap2acc_parity_0126010194_c,1,11,10,29,117,11,0,0,14.9,
fwd,3state1ap0acc_078152_c,4state1ap1acc_parity_04925124450998633873,1,11,7,24,24,2,0,0,3.7,
fwd,3state1ap0acc_030024_c,3state1ap0acc_012614,1,17,16,42,174,15,0,0,27.5,
fwd,3state1ap0acc_075785,3state1ap1acc_parity_08657112224_c,1,23,15,68,156,31,0,0,25.8,
fwd,3state1ap0acc_020620_c,3state1ap0acc_031752,1,14,25,46,131,21,0,0,31.4,
fwd,3state1ap0acc_075860_c,3state1ap0acc_079400_c,1,19,25,63,312,35,0,0,96.3,
fwd,3state1ap0acc_024708_c,2state1ap2acc_parity_0006272130_c,1,6,10,15,26,10,0,0,2.4,
fwd,3state1ap1acc_parity_34454263104,3state1ap1acc_parity_43022074069,1,9,14,31,40,8,0,0,2.3,
fwd,3state1ap0acc_007432,3state1ap0acc_078340,1,25,10,44,73,21,0,0,13.8,
fwd,3state1ap0acc_092300,3state1ap1acc_01078740549_c,1,46,21,83,421,7,0,0,105.5,
fwd,3state1ap0acc_090440,3state1ap0acc_087196_c,1,15,46,91,415,27,0,0,69.4,
fwd,2state1ap2acc_parity_2292326218,3state1ap0acc_005286_c,1,5,50,68,488,23,0,0,77.2,
fwd,3state1ap2acc_parity_1500892642206368090510,3state1ap0acc_013908,1,62,57,273,3831,90,0,0,3802.5,
fwd,3state1ap0acc_025112_c,3state1ap0acc_020920_c,1,13,36,56,176,30,0,0,80.0,
fwd,3state1ap0acc_021922,3state1ap0acc_090625,1,32,8,43,134,20,0,0,31.6,
fwd,3state1ap0acc_007438_c,3state1ap0acc_024680_c,1,41,14,96,594,15,0,0,196.6,
fwd,3state1ap0acc_025893,4state1ap1acc_parity_00252289612356345418,1,69,31,198,1736,43,0,0,1307.8,
fwd,2state1ap2acc_parity_1164845312,3state1ap0acc_004628_c,1,10,7,14,18,2,0,0,2.2,
fwd,3state1ap0acc_078024,3state1ap0acc_021928,1,15,12,25,69,15,0,0,6.3,
fwd,3state1ap0acc_026653_c,3state1ap0acc_005402,1,19,17,111,1488,71,0,0,638.6,
fwd,3state1ap1acc_46306722133_c,3state1ap1acc_parity_09932264476_c,1,7,5,13,12,9,1,0,1.4,
fwd,3state1ap0acc_074260_c,2state1ap1acc_03170,1,17,8,31,54,12,0,0,6.6,
fwd,3state1ap0acc_086156,3state1ap2acc_parity_2574024314207122656261_c,1,17,67,111,337,28,0,0,85.7,
fwd,3state1ap0acc_078356_c,3state1ap1acc_21891294336_c,1,21,16,37,88,20,1,0,11.2,
fwd,3state1ap2acc_parity_1310551305816495741957_c,3state1ap0acc_091238,1,79,45,277,3490,79,0,0,2493.5,
fwd,3state1ap0acc_007434,3state1ap0acc_026641,1,12,15,33,191,21,0,0,21.9,
fwd,2state1ap1acc_18050_c,2state1ap1acc_05250_c,1,9,7,13,38,5,0,0,3.0,
fwd,3state1ap2acc_parity_2568710745067348706059_c,3state1ap1acc_37118511116,1,31,6,51,191,4,0,0,32.2,
fwd,3state1ap0acc_007436,3state1ap0acc_029734_c,1,62,72,492,6895,121,0,0,11856.3,
fwd,3state1ap0acc_004772,3state1ap0acc_086156_c,1,15,17,46,121,18,0,0,9.8,
fwd,3state1ap0acc_031384_c,3state1ap0acc_030225,1,24,58,183,2328,84,0,0,1524.7,
fwd,3state1ap0acc_024857_c,3state1ap0acc_080068_c,1,11,27,47,170,20,0,0,35.5,
fwd,2state1ap2acc_parity_0004822272,2state1ap1acc_01176,1,14,10,24,78,22,0,0,6.5,
fwd,3state1ap0acc_074829_c,2state1ap2acc_parity_0574882177,1,29,4,31,109,10,0,0,18.3,
fwd,3state1ap0acc_007468,3state1ap0acc_030856,1,45,18,59,382,32,0,0,82.8,
fwd,3state1ap1acc_07986021488,3state1ap1acc_17251696968_c,1,17,69,100,296,3,0,0,36.1,
fwd,3state1ap0acc_106728,3state1ap0acc_004422_c,1,47,16,83,550,7,0,0,144.6,
fwd,3state1ap0acc_069804_c,3state1ap1acc_46475546712_c,1,12,11,46,203,57,0,1,31.0,
fwd,3state1ap0acc_026772_c,2state1ap2acc_parity_0001191050_c,1,20,19,51,157,25,0,0,27.0,
fwd,2state1ap2acc_parity_0005036034_c,3state1ap0acc_075942_c,1,13,32,78,367,27,0,0,93.4,
fwd,3state1ap0acc_072334_c,2state1ap2acc_parity_0004295586_c,1,11,14,22,88,4,0,0,10.0,
fwd,3state1ap1acc_parity_10805384360,2state1ap2acc_parity_0708854026_c,1,12,9,20,29,7,0,0,3.5,
fwd,3state1ap0acc_025253_c,3state1ap0acc_091236,1,11,67,148,1791,49,0,0,918.4,
fwd,2state1ap1acc_16912,3state1ap0acc_013641_c,1,7,22,26,101,15,1,0,6.5,
fwd,3state1ap0acc_077380_c,3state1ap1acc_20552143008_c,1,41,15,75,270,32,0,0,60.8,
fwd,2state1ap1acc_50306,3state1ap0acc_025708,1,8,13,24,86,12,0,0,9.7,
fwd,3state1ap0acc_096265_c,3state1ap0acc_074264,1,19,10,36,126,39,0,0,25.1,
fwd,3state1ap0acc_071880_c,3state1ap0acc_081032_c,1,22,66,178,1250,34,0,0,803.2,
fwd,3state1ap0acc_074412_c,3state1ap1acc_35769115713,1,58,48,137,908,30,0,0,497.1,
fwd,3state1ap0acc_025093_c,3state1ap0acc_004645_c,1,10,16,26,32,5,0,0,5.7,
fwd,3state1ap0acc_072710_c,3state1ap0acc_074309,1,77,31,268,2533,119,0,0,1969.6,
fwd,3state1ap0acc_024654,3state1ap0acc_022632_c,1,8,20,33,120,3,0,0,12.3,
fwd,3state1ap0acc_030240_c,3state1ap1acc_parity_08657112224_c,1,14,15,31,90,14,0,0,12.5,
fwd,3state1ap0acc_030112,3state1ap0acc_004424,1,34,9,63,264,31,0,0,47.3,
fwd,3state1ap0acc_076074,3state1ap0acc_071822,1,32,21,84,722,43,0,0,198.7,
fwd,3state1ap0acc_030733,3state1ap0acc_030726,1,7,21,27,85,11,0,0,11.2,
fwd,3state1ap0acc_071702_c,3state1ap0acc_004452,1,51,20,78,372,49,1,0,112.7,
fwd,3state1ap0acc_025320_c,3state1ap0acc_030213,1,45,51,222,3110,75,0,0,2403.7,
fwd,3state1ap0acc_004612,3state1ap0acc_013641,1,6,22,24,76,7,0,0,4.8,
fwd,3state1ap0acc_006153,3state1ap0acc_026833_c,1,12,33,78,378,22,0,0,59.2,
fwd,3state1ap0acc_025296_c,3state1ap0acc_030862_c,1,50,32,250,3066,73,0,0,2621.0,
fwd,3state1ap2acc_parity_0226603284168771633733,3state1ap0acc_025625,1,38,19,107,587,45,0,0,137.2,
fwd,3state1ap0acc_024673,3state1ap0acc_029769_c,1,22,25,116,786,25,0,0,194.4,
fwd,2state1ap2acc_parity_1083056266,3state1ap0acc_071702,1,15,51,117,1045,74,0,0,324.9,
fwd,2state1ap0acc_053,3state1ap0acc_024800,1,9,19,39,92,19,0,0,11.5,
fwd,3state1ap1acc_43021293649,3state1ap1acc_00501801994,1,8,24,34,87,5,0,0,13.6,
fwd,3state1ap0acc_079444,3state1ap0acc_080398,1,47,20,131,1701,36,0,0,841.4,
fwd,3state1ap0acc_025136,3state1ap0acc_005286,1,14,50,99,375,50,0,0,95.5,
fwd,2state1ap2acc_parity_1297172901,3state1ap0acc_005800,1,13,31,78,366,26,0,0,73.8,
fwd,3state1ap0acc_079896_c,3state1ap0acc_013641,1,50,22,128,746,54,0,0,296.2,
fwd,2state1ap2acc_parity_2290440257_c,3state1ap0acc_073865,1,10,13,24,31,10,0,0,3.4,
fwd,3state1ap0acc_005800_c,2state1ap2acc_parity_0572212224,1,31,9,79,350,23,0,0,98.1,
fwd,3state1ap0acc_013384_c,3state1ap1acc_19337320362_c,1,21,9,43,85,7,0,1,12.4,
fwd,2state1ap2acc_parity_0015632386_c,2state1ap2acc_parity_0005327658,1,27,9,60,234,48,0,0,61.0,
fwd,2state1ap2acc_parity_0067828500_c,3state1ap0acc_073865,1,9,13,13,25,7,0,0,2.0,
fwd,3state1ap0acc_077976,3state1ap1acc_parity_37586212922_c,1,27,6,29,107,18,0,0,9.5,
fwd,3state1ap0acc_078341_c,3state1ap1acc_19879280012,1,12,7,17,11,2,0,0,1.9,
fwd,3state1ap0acc_025137,3state1ap1acc_parity_52747897074,1,7,13,28,46,5,0,0,7.0,
fwd,3state1ap0acc_004392,3state1ap1acc_20401758904_c,1,10,28,35,123,12,0,0,11.6,
fwd,3state1ap0acc_080036,3state1ap0acc_106568,1,11,13,28,58,21,0,1,11.9,
fwd,3state1ap0acc_004756_c,2state1ap1acc_16899,1,13,3,14,35,1,0,0,2.5,
fwd,3state1ap0acc_025244,3state1ap2acc_parity_1282809694496512603916,1,20,80,190,2042,49,0,0,870.1,
fwd,4state1ap2acc_parity_189888352042736996057462590870753750530,3state1ap0acc_004632,1,20,7,30,62,14,0,0,8.3,
fwd,2state1ap2acc_parity_2292326218,2state1ap2acc_parity_0715295236,1,5,13,15,51,16,1,0,4.0,
fwd,3state1ap0acc_020652_c,3state1ap0acc_078924,1,38,20,97,924,21,0,0,327.2,
fwd,3state1ap0acc_005652,3state1ap0acc_004280_c,1,42,17,161,1013,8,0,0,297.0,
fwd,3state1ap1acc_parity_34966176896,3state1ap0acc_106660,1,8,45,114,187,9,0,0,292.5,
fwd,2state1ap2acc_parity_2290440257,3state1ap0acc_079444,1,10,47,58,208,19,0,0,66.7,
fwd,3state1ap0acc_007190_c,2state1ap2acc_parity_0571753498,1,71,16,135,899,45,0,0,393.9,
fwd,2state1ap2acc_parity_2726576129_c,3state1ap1acc_06712019249,1,13,26,53,301,48,0,0,62.1,
fwd,3state1ap1acc_08763069152_c,3state1ap0acc_026808,1,25,31,50,216,14,0,0,54.2,
fwd,3state1ap0acc_074436_c,3state1ap0acc_004788_c,1,11,12,46,350,23,0,0,69.1,
fwd,3state1ap0acc_013385,2state1ap2acc_parity_0004891914_c,1,27,13,45,114,8,0,0,13.2,
fwd,3state1ap0acc_026644_c,3state1ap0acc_090212_c,1,32,59,263,1804,78,0,0,1241.3,
fwd,3state1ap0acc_024946,3state1ap0acc_091682,1,46,32,119,924,23,0,0,251.3,
fwd,3state1ap0acc_026642_c,3state1ap0acc_077961,1,15,15,74,192,30,0,0,41.2,
fwd,2state2ap2acc_parity_03926171514245816491_c,2state2ap2acc_parity_12125081597581071066_c,2,12,32,76,274,41,0,0,53.5,
fwd,3state2ap2acc_parity_19292204062434739838585513977313286700953855_c,3state2ap2acc_parity_07131409991411177307553436271602182331950408,2,17,10,29,60,17,0,0,5.7,
fwd,2state2ap2acc_parity_08509043498043523396_c,4state2ap1acc_parity_216913534712549064574886800825391398934_c,2,16,7,35,53,26,0,1,10.0,
fwd,1state2ap3acc_parity_0178405888,2state2ap2acc_parity_04964710546502961656,2,5,11,14,39,6,0,0,2.1,
fwd,2state2ap2acc_parity_00111729103757431907,3state2ap2acc_parity_14640345009540178756934700191540411232346135_c,2,17,22,88,711,194,0,0,95.5,
fwd,3state2ap2acc_parity_14122322237705402063424891878630450175732896_c,3state2ap2acc_parity_00442143975446621002174926794741649083380452,2,39,19,134,745,54,0,0,183.9,
fwd,3state2ap2acc_parity_05744229146499564561388240723307926009780705,2state2ap2acc_parity_08197976992496502017,2,53,11,147,1278,116,0,0,711.7,
fwd,2state2ap2acc_parity_00495951104014606457,3state2ap2acc_parity_05646301230268628350670752252735482621755525,2,26,61,246,2184,80,0,0,2404.6,
fwd,3state2ap2acc_parity_13314475190816682929472322021533208167327997,2state2ap2acc_parity_10415250806679194641,2,61,15,291,3950,42,0,0,4981.3,
fwd,2state2ap2acc_parity_02406207182630619308_c,2state2ap2acc_parity_11589610070952749602_c,2,25,16,73,445,55,0,0,66.2,
fwd,2state2ap2acc_parity_05983266170514214042,3state2ap2acc_parity_12403977564925508453551236462067085934910282_c,2,17,4,21,66,28,0,1,6.8,
fwd,2state2ap2acc_parity_03465359446847513186_c,2state2ap2acc_parity_04630318344642327802,2,16,21,70,406,78,0,0,74.1,
fwd,2state2ap1acc_parity_1642596627,3state2ap2acc_parity_07640798032698989284855753784519901965426725,2,12,37,105,1003,20,0,0,460.6,
fwd,2state2ap2acc_parity_06706656653999847593_c,2state2ap2acc_parity_05770070685202830714,2,15,17,112,757,66,0,0,139.6,
fwd,2state2ap2acc_parity_12726042477177204477,1state2ap1acc_105,2,11,3,13,46,15,0,0,3.3,
fwd,3state2ap2acc_parity_15377585186585244386570480866490820334912621_c,4state2ap1acc_parity_216358315450290392374483810345841206404_c,2,64,6,85,310,76,1,0,124.9,
fwd,3state2ap2acc_parity_00002382211212622917890616193867070465190424_c,2state2ap2acc_parity_01838757176823623953,2,95,5,126,664,81,0,0,211.4,
fwd,2state2ap2acc_parity_08130995486210534005,2state2ap2acc_parity_02324350295120187772_c,2,21,21,150,1495,211,0,0,713.1,
fwd,2state2ap2acc_parity_11862219100637939786_c,3state2ap1acc_parity_1967668635396872344074_c,2,20,7,39,330,93,0,0,38.3,
fwd,2state2ap2acc_parity_00289891630156527747_c,2state2ap1acc_parity_0139740170_c,2,11,8,37,81,14,0,0,4.6,
fwd,2state2ap2acc_parity_03965744933853960312_c,3state2ap2acc_parity_18140904740152146744090750607020588661123804,2,18,89,285,3499,27,0,0,1761.6,
fwd,3state2ap2acc_parity_10242932816699746367374054096177816109435269,2state2ap2acc_parity_11193452886051569917,2,36,15,107,842,33,0,0,334.0,
fwd,2state2ap2acc_parity_05207513304957954670,3state2ap2acc_parity_02225287432583565045627619612700794790776537_c,2,9,15,36,163,52,0,0,21.4,
fwd,3state2ap2acc_parity_07715988424303351654421832419712511907809387,2state2ap1acc_parity_0293990436,2,50,24,268,1809,129,0,0,2491.4,
fwd,2state2ap2acc_parity_01025293266847957421,2state2ap2acc_parity_02613231945794024176,2,17,18,100,712,95,0,0,202.6,
fwd,2state2ap2acc_parity_01838757176823623953,3state2ap2acc_parity_01547795618021375473617303844850997545774316_c,2,5,16,20,45,12,0,0,4.6,
fwd,1state2ap2acc_parity_00266_c,2state2ap2acc_parity_14459783819944657321_c,2,4,12,20,45,11,0,1,4.7,
fwd,2state2ap2acc_parity_11316808124643219609,3state2ap1acc_parity_3585895366144295765516_c,2,22,6,31,81,33,1,0,10.5,
fwd,2state2ap2acc_parity_02590837127116143237_c,1state2ap0acc_06,2,12,3,14,41,26,1,0,3.2,
fwd,1state2ap2acc_00386,3state2ap2acc_parity_19292204062434739838585513977313286700953855_c,2,5,17,21,83,43,1,0,6.7,
fwd,3state2ap2acc_parity_08920014192153606574079903209430866941080569_c,2state2ap2acc_parity_12005792140375715561_c,2,61,11,103,378,50,0,0,79.1,
fwd,2state2ap2acc_parity_05031259995512837208_c,2state2ap2acc_parity_11209796727779668548,2,29,16,154,1241,191,0,0,478.6,
fwd,2state2ap2acc_parity_03598501441036968601,2state2ap2acc_parity_02338443166392502418,2,32,45,289,2828,77,0,0,3291.1,
fwd,1state2ap2acc_parity_06150_c,2state2ap2acc_parity_12856971236255351261,2,4,10,10,27,9,0,1,2.9,
fwd,2state2ap2acc_parity_12005792140375715561_c,1state2ap2acc_00416,2,11,5,20,70,35,0,0,6.1,
fwd,3state2ap2acc_parity_13322400562467511889208063629341661021480178,4state2ap1acc_parity_016989447636600366334037124246744914241_c,2,103,8,118,701,143,0,0,327.4,
fwd,1state2ap1acc_018_c,2state2ap1acc_parity_2455687333_c,2,4,4,5,7,6,0,1,1.6,
fwd,2state2ap2acc_parity_06360534675873411890_c,2state2ap1acc_parity_4042692746,2,20,5,23,74,12,0,0,6.2,
fwd,1state2ap2acc_parity_00772,3state2ap2acc_parity_06159861430659382172806574419318109950313840,2,4,56,73,374,27,0,0,17.4,
fwd,2state2ap2acc_parity_02479144338996496752_c,2state2ap2acc_parity_00289891630156527747_c,2,11,11,33,82,36,0,0,9.2,
fwd,3state2ap2acc_parity_00360908970317846202065523035211166491340988_c,4state2ap1acc_parity_032592156420644438548207861214493032704_c,2,11,8,21,62,22,0,1,6.2,
fwd,2state2ap2acc_parity_03377207403598746866_c,3state2ap2acc_parity_11216132919718599426484354168135068180600985,2,15,58,187,1952,45,0,0,443.5,
fwd,2state2ap2acc_parity_11740941019044962404,3state2ap1acc_parity_3585895366144295765516,2,23,6,28,109,1,0,0,13.9,
fwd,2state2ap2acc_parity_12000547282478703909_c,2state2ap2acc_parity_02406207182630619308,2,11,25,32,116,23,0,0,6.6,
fwd,3state2ap2acc_parity_14841615962601542641582320641199714513748170,2state2ap2acc_parity_02784935455026984028,2,130,17,231,1574,87,0,0,1382.9,
fwd,3state2ap2acc_parity_10347144930624275892248421612650292723877017_c,2state2ap2acc_parity_02455151384263699489,2,127,26,452,5331,126,0,0,3060.1,
fwd,2state2ap2acc_parity_07285067545879021657_c,2state2ap2acc_parity_04906201296742293504,2,19,37,155,1773,189,0,0,504.5,
fwd,3state2ap2acc_parity_19699037403887099928121848904437987237110396,4state2ap1acc_parity_182011070065798834957904108023680624228,2,208,5,317,3284,42,0,0,8108.4,
fwd,1state2ap2acc_parity_00772_c,3state2ap2acc_parity_05744229146499564561388240723307926009780705,2,4,53,64,260,41,0,0,116.6,
fwd,2state2ap2acc_parity_04727523500524286007,2state2ap2acc_parity_02412135448199726114_c,2,12,21,46,264,77,0,0,40.7,
fwd,2state2ap2acc_parity_05522610772710766970_c,2state2ap2acc_parity_17362277832879126548,2,25,9,79,375,55,0,0,49.2,
fwd,3state2ap1acc_parity_1796825632970893428833,3state2ap2acc_parity_11216132919718599426484354168135068180600985_c,2,13,58,164,825,137,0,0,363.1,
fwd,2state2ap2acc_parity_10439520783294077228,3state2ap2acc_parity_19513157098239232108232341494837416149158789,2,29,28,254,2624,133,0,0,1810.3,
fwd,2state2ap2acc_parity_09669650752595937080,2state2ap2acc_parity_00495951104014606457_c,2,5,26,34,87,22,0,0,15.1,
fwd,2state2ap1acc_parity_3024546618_c,2state2ap1acc_parity_3289547584,2,4,13,22,64,17,0,0,4.0,
fwd,3state2ap2acc_parity_04290111865843214334382313628225177616302156_c,3state2ap2acc_parity_01574353071461662293527634042304113554171601,2,57,32,208,2081,106,0,0,470.8,
fwd,2state2ap2acc_parity_03644846996254608138_c,2state2ap2acc_parity_09615319376540246571,2,5,11,15,29,10,0,0,2.4,
fwd,2state2ap2acc_parity_15568350751340371263,2state2ap2acc_parity_00082015929639258213_c,2,14,27,112,814,111,0,0,230.2,
fwd,3state2ap2acc_parity_04290111865843214334382313628225177616302156_c,1state2ap2acc_parity_06150,2,57,4,73,327,70,0,0,78.0,
fwd,1state2ap2acc_00300_c,2state2ap2acc_parity_09863644550122525712,2,4,23,26,106,31,0,0,4.8,
fwd,2state2ap2acc_parity_06706656653999847593_c,3state2ap2acc_parity_06313475381795330209467421463533420155064625_c,2,15,94,200,2146,124,0,0,1364.4,
fwd,3state2ap2acc_parity_08603614892753180213647106418019782380468347_c,2state2ap2acc_parity_04906201296742293504_c,2,40,37,351,5151,181,0,0,3537.8,
fwd,2state2ap2acc_parity_10956058418304074776_c,3state2ap2acc_parity_11352125598174738554908919375056653404965564,2,12,64,83,407,29,0,0,18.6,
fwd,2state2ap2acc_parity_12728864607586338936_c,4state2ap1acc_parity_128630394002267607203457118552609683947,2,15,8,26,104,8,0,0,3.9,
fwd,2state2ap1acc_parity_0030441824_c,3state2ap2acc_parity_14187696287525319699726623503636843130614373,2,29,26,106,1050,47,0,0,302.1,
fwd,2state2ap2acc_parity_09340193533924172070,3state2ap2acc_parity_17256777809672929554857622979850165510394022,2,5,16,24,109,11,0,0,8.4,
fwd,2state2ap2acc_parity_09303125106357635126_c,1state2ap0acc_01,2,6,3,7,14,7,1,0,1.6,
fwd,2state2ap2acc_parity_01300381873082871896_c,2state2ap2acc_parity_00732443274184804514_c,2,37,10,43,203,76,0,1,25.2,
fwd,1state3ap1acc_00876_c,1state3ap1acc_00386_c,3,4,4,6,14,1,0,0,1.8,
fwd,1state3ap1acc_00788,1state3ap1acc_06916_c,3,4,4,9,31,6,0,0,1.8,
fwd,1state3ap1acc_05800,1state3ap1acc_07777_c,3,4,4,8,23,6,0,0,1.8,
fwd,1state3ap1acc_06530,1state3ap1acc_32257,3,4,4,10,36,30,0,0,2.5,
fwd,2state3ap1acc_parity_05265621111752452744,2state3ap1acc_parity_10541487760048391324_c,3,29,22,110,963,157,0,0,356.3,
fwd,1state3ap1acc_01537_c,1state3ap1acc_07777_c,3,4,4,6,12,3,0,0,2.1,
fwd,1state3ap1acc_00796,2state3ap1acc_parity_08649156823177511470_c,3,4,26,46,237,37,0,0,20.1,
fwd,1state3ap1acc_01785,2state3ap1acc_parity_14104290084247047862_c,3,3,4,5,8,6,0,1,1.6,
fwd,1state3ap1acc_06180_c,1state3ap1acc_02040_c,3,4,3,7,18,6,0,0,1.9,
fwd,2state3ap1acc_parity_01830543289898687049_c,1state3ap1acc_06147,3,26,4,30,118,70,1,0,13.6,
fwd,1state3ap1acc_00446,1state3ap0acc_127_c,3,4,3,6,12,3,0,0,1.4,
fwd,1state3ap1acc_07904,2state3ap1acc_parity_02614646715407461635_c,3,4,12,28,194,28,0,0,12.7,
fwd,2state3ap1acc_parity_00865795744191920295,1state3ap1acc_00494_c,3,20,4,22,96,20,0,0,8.2,
fwd,2state3ap1acc_parity_10819738732151771304,1state3ap0acc_023,3,25,3,30,113,65,0,0,13.5,
fwd,2state3ap1acc_parity_03229356971305243857_c,2state3ap1acc_parity_12420149321583670028,3,29,12,71,598,193,0,0,137.3,
fwd,2state3ap1acc_parity_12253434782604436768,1state3ap1acc_06120_c,3,62,3,91,474,90,0,0,110.7,
fwd,1state3ap1acc_06564,2state3ap1acc_parity_07669827159049524354_c,3,4,31,50,220,63,0,0,26.9,
fwd,2state3ap1acc_parity_17019428005131849826,2state3ap1acc_parity_05706837261896771984_c,3,27,51,179,1783,118,0,0,1213.8,
fwd,2state3ap1acc_parity_12248783858467312927_c,1state3ap1acc_06145_c,3,4,4,8,27,2,0,0,2.5,
fwd,2state3ap1acc_parity_08801613791090661145_c,1state3ap1acc_00792,3,18,4,24,86,55,1,0,9.1,
fwd,1state3ap1acc_00488_c,2state3ap1acc_parity_17019428005131849826_c,3,4,27,32,124,38,0,0,17.3,
fwd,2state3ap1acc_parity_10562312272641601060,1state3ap1acc_01777_c,3,33,4,46,311,70,0,0,40.0,
fwd,1state3ap1acc_05992_c,1state3ap1acc_01936,3,4,4,10,36,30,0,0,2.8,
fwd,1state3ap1acc_32257_c,2state3ap1acc_parity_01766513145226448584,3,4,25,52,373,101,0,0,56.4,
fwd,1state3ap1acc_08064_c,1state3ap1acc_05801,3,4,4,7,18,15,0,1,2.1,
fwd,1state3ap1acc_07809_c,2state3ap1acc_parity_01644858810352803401,3,4,30,62,448,160,0,0,80.0,
fwd,2state3ap1acc_parity_02398314845859828916,2state3ap1acc_parity_14818256413007078534_c,3,31,31,160,1558,225,0,0,656.1,
fwd,1state3ap1acc_00390,1state3ap1acc_06436,3,4,4,7,17,11,0,0,2.0,
fwd,1state3ap1acc_00840,2state3ap1acc_parity_09661361070672199683_c,3,4,55,79,434,45,0,0,46.7,
fwd,1state3ap1acc_05641_c,2state3ap1acc_parity_01190702083017216040_c,3,4,40,72,461,78,0,0,104.3,
fwd,1state3ap1acc_08032,2state3ap1acc_parity_00865795744191920295,3,4,20,28,148,37,0,0,9.3,
fwd,1state3ap1acc_06976,1state3ap1acc_01777,3,4,4,6,12,9,1,0,1.5,
fwd,1state3ap1acc_00398_c,2state3ap1acc_parity_00865795744191920295,3,4,20,28,115,35,0,0,14.7,
fwd,1state3ap1acc_07681,1state3ap1acc_01713,3,4,4,8,21,15,0,0,1.9,
fwd,2state3ap1acc_parity_01100260466741905549_c,2state3ap1acc_parity_18211550331080462848,3,33,20,118,1213,123,0,0,451.1,
fwd,2state3ap1acc_parity_01644858810352803401,2state3ap1acc_parity_08035544545379117594_c,3,30,17,156,1243,251,0,0,576.5,
fwd,1state3ap1acc_01569_c,1state3ap1acc_06528_c,3,4,4,7,16,3,0,0,2.2,
fwd,1state3ap2acc_parity_0179243810_c,1state3ap1acc_02725,2,3,4,6,12,9,0,0,1.5,
fwd,1state2ap2acc_00960,1state2ap2acc_parity_00780,1,4,3,4,5,3,1,0,0.6,
fwd,1state3ap0acc_060,1state3ap1acc_00828,2,3,4,5,9,8,1,0,1.2,
fwd,1state3ap1acc_04080_c,1state3ap0acc_015_c,1,3,3,3,3,1,0,0,0.6,
rev,1state1ap0acc_0,1state1ap0acc_3,0,2,2,2,1,0,1,0,0.2,
rev,3state1ap0acc_025264_c,3state1ap0acc_026684,1,65,45,350,5076,122,0,0,6280.8,
rev,3state1ap0acc_072710_c,3state1ap0acc_090184,1,77,13,95,445,61,0,0,178.9,
rev,3state1ap0acc_021920_c,3state1ap0acc_004772_c,1,31,15,86,421,12,0,0,99.4,
rev,3state1ap0acc_024912,3state1ap0acc_080964,1,30,51,88,435,17,0,0,80.2,
rev,3state1ap0acc_074472,3state1ap0acc_005148,1,58,30,85,475,35,0,0,169.7,
rev,4state1ap2acc_parity_002914461322280394910983122525890915648,2state1ap2acc_parity_0138758442,1,20,8,42,113,13,0,0,12.6,
rev,2state1ap2acc_parity_0004496645,3state1ap0acc_070056_c,1,22,9,35,138,17,0,0,10.6,
rev,3state1ap0acc_004664,3state1ap0acc_078488,1,14,32,56,202,9,0,0,19.6,
rev,4state1ap1acc_parity_16190721614078576674,3state1ap0acc_075820_c,1,8,71,92,416,39,0,0,192.8,
rev,3state1ap0acc_070260_c,3state1ap0acc_080393_c,1,58,38,246,3455,64,0,0,2487.8,
rev,2state1ap2acc_parity_0002234960,3state1ap1acc_38522602760,1,10,34,80,318,2,0,0,8.9,
rev,3state1ap0acc_021108,3state1ap0acc_008292_c,1,47,15,98,427,7,0,0,135.6,
rev,3state1ap1acc_22079178886,3state1ap1acc_10818159298_c,1,6,25,34,52,20,0,1,7.1,
rev,3state1ap0acc_070788_c,2state1ap2acc_parity_0352460833_c,1,30,6,37,113,9,0,0,15.6,
rev,3state1ap0acc_025109_c,2state1ap2acc_parity_0008557064,1,13,17,36,82,28,0,0,11.9,
rev,3state1ap0acc_078948,3state1ap0acc_029966_c,1,11,42,74,726,36,0,0,257.2,
rev,3state1ap1acc_00265838612_c,3state1ap0acc_074388_c,1,8,21,29,161,7,0,0,14.7,
rev,3state1ap0acc_013356_c,4state1ap1acc_parity_04925124450998633873_c,1,25,7,49,111,22,0,0,26.0,
rev,3state1ap0acc_076317,3state1ap0acc_075285_c,1,26,32,83,512,15,0,0,178.5,
rev,3state1ap0acc_073868_c,2state1ap2acc_parity_0574882177,1,14,4,21,30,13,0,0,3.6,
rev,3state1ap0acc_004504_c,2state1ap0acc_053,1,21,9,58,163,39,0,0,30.4,
rev,4state1ap2acc_parity_189888352042736996057462590870753750530,3state1ap0acc_012552,1,20,7,30,60,13,1,0,8.9,
rev,3state1ap1acc_10821896874_c,2state1ap2acc_parity_0094315016,1,10,15,25,93,22,0,0,9.6,
rev,2state1ap2acc_parity_0004552970_c,3state1ap1acc_01112278057_c,1,9,8,20,30,12,0,0,3.7,
rev,3state1ap0acc_024916_c,2state1ap2acc_parity_0039407872,1,20,5,27,125,12,0,0,14.1,
rev,3state1ap1acc_parity_08657112224,3state1ap1acc_18673175256,1,15,10,35,86,17,0,0,17.8,
rev,3state1ap0acc_092174,3state1ap0acc_012366,1,55,8,94,701,22,0,0,269.7,
rev,3state1ap2acc_parity_0202938255164409266256_c,3state1ap0acc_013676,1,12,17,35,197,22,0,0,22.3,
rev,3state1ap0acc_080004_c,3state1ap0acc_007198_c,1,27,50,104,729,20,0,0,298.6,
rev,3state1ap0acc_024802,3state1ap0acc_004741,1,20,5,22,81,8,0,0,6.8,
rev,3state1ap0acc_073993,3state1ap0acc_025632,1,5,15,28,39,14,0,0,4.1,
rev,3state1ap0acc_071308_c,3state1ap0acc_025625,1,46,19,118,662,33,0,0,220.0,
rev,3state1ap0acc_073800_c,2state1ap2acc_parity_0541081603,1,12,13,28,28,11,0,0,5.3,
rev,3state1ap0acc_005254,3state1ap1acc_22364973222,1,14,6,19,45,2,0,0,3.4,
rev,2state1ap0acc_106_c,3state1ap0acc_030120,1,12,12,31,172,10,0,0,25.8,
rev,3state1ap0acc_023089,3state1ap0acc_075333_c,1,32,46,165,1761,43,0,0,449.2,
rev,3state1ap0acc_075796,3state1ap1acc_18420848649_c,1,21,8,32,62,15,1,0,9.2,
rev,2state1ap2acc_parity_0717635593,2state1ap1acc_06532,1,13,8,21,33,11,0,0,3.5,
rev,3state1ap0acc_081476_c,3state1ap0acc_006478_c,1,30,15,47,209,25,0,0,44.7,
rev,3state1ap0acc_075812,3state1ap0acc_006440_c,1,19,32,199,1335,16,0,0,327.1,
rev,2state1ap2acc_parity_0005106434_c,3state1ap0acc_025312,1,8,58,64,296,41,0,0,71.5,
rev,3state1ap0acc_006188,2state1ap2acc_parity_0682573952_c,1,21,17,69,175,18,0,0,22.5,
rev,3state1ap0acc_070248_c,3state1ap1acc_35719401600_c,1,21,11,46,148,16,0,0,26.2,
rev,3state1ap0acc_074824,4state1ap2acc_parity_189524291821398297457560207943178585638_c,1,25,14,36,115,14,1,0,13.3,
rev,3state1ap0acc_080964_c,3state1ap0acc_005514,1,51,25,180,1310,87,0,0,584.9,
rev,3state1ap0acc_006472_c,3state1ap0acc_024841,1,21,6,34,63,13,0,1,10.7,
rev,3state1ap0acc_025106,3state1ap2acc_parity_0249175337818233701902,1,11,84,136,447,45,1,0,98.3,
rev,3state1ap0acc_005288_c,3state1ap0acc_030733_c,1,14,7,23,70,16,0,1,8.9,
rev,3state1ap0acc_069828,3state1ap0acc_012620_c,1,13,18,38,182,21,0,0,16.2,
rev,3state1ap1acc_45103587365_c,3state1ap0acc_029028,1,25,27,98,693,33,0,0,180.9,
rev,3state1ap0acc_024707,3state1ap0acc_007214,1,5,19,30,203,19,0,0,26.4,
rev,3state1ap0acc_077128,3state1ap0acc_029996,1,19,27,72,704,30,0,0,252.9,
rev,3state1ap0acc_007716_c,3state1ap0acc_024684_c,1,50,26,395,3087,66,0,0,4241.3,
rev,3state1ap0acc_075972,3state1ap0acc_031010,1,24,32,149,965,31,0,0,228.3,
rev,3state1ap0acc_012568,3state1ap0acc_026641_c,1,14,15,54,100,13,0,0,11.7,
rev,3state1ap0acc_029325,3state1ap1acc_05671138568,1,7,7,12,41,2,0,0,3.6,
rev,2state1ap1acc_04644,4state1ap1acc_parity_00252289612356345418_c,1,4,31,36,79,15,0,0,26.2,
rev,3state1ap0acc_024720_c,3state1ap0acc_005514,1,12,25,46,150,18,0,0,23.8,
rev,3state1ap0acc_030724_c,3state1ap0acc_015365,1,21,38,87,340,34,0,0,93.4,
rev,3state1ap0acc_006328_c,2state1ap2acc_parity_0047726660_c,1,26,20,85,419,39,0,0,158.7,
rev,3state1ap0acc_021104_c,3state1ap0acc_007448_c,1,65,58,406,5313,55,0,0,8825.5,
rev,2state1ap2acc_parity_1413644800,3state1ap0acc_076868,1,14,58,89,550,40,0,0,82.6,
rev,3state1ap0acc_029966,3state1ap0acc_024692,1,42,97,340,4190,126,0,0,5332.6,
rev,3state1ap1acc_01343514762_c,2state1ap2acc_parity_0285476138_c,1,12,14,25,93,5,0,0,13.0,
rev,3state1ap0acc_030112_c,3state1ap0acc_096398_c,1,34,16,95,720,34,0,0,251.6,
rev,3state1ap1acc_21642354752_c,3state1ap0acc_020738,1,9,6,11,27,13,0,0,2.6,
rev,3state1ap0acc_004756,2state1ap2acc_parity_0006272130,1,13,10,24,69,7,0,0,3.0,
rev,3state1ap0acc_030028_c,3state1ap0acc_025136_c,1,24,14,70,217,12,0,0,64.9,
rev,3state1ap0acc_030856_c,3state1ap0acc_005764_c,1,18,14,62,523,8,0,0,95.3,
rev,3state1ap0acc_030056_c,3state1ap0acc_069704,1,10,10,20,40,14,0,0,5.3,
rev,3state1ap0acc_006152,3state1ap1acc_01216476160_c,1,12,24,47,97,7,1,0,11.5,
rev,3state1ap0acc_075782,3state1ap0acc_012388_c,1,25,17,110,475,35,0,0,93.1,
rev,3state1ap2acc_parity_0249175337818233701902_c,3state1ap1acc_34454789696,1,84,9,179,750,3,0,0,213.6,
rev,2state1ap2acc_parity_2751987743,3state1ap0acc_071308_c,1,4,46,48,206,10,0,0,17.3,
rev,3state1ap0acc_006170_c,3state1ap1acc_25170543041_c,1,22,12,53,172,5,0,0,30.1,
rev,4state1ap2acc_parity_031969154920980509553928165694307535558,3state1ap0acc_006662_c,1,26,19,106,359,21,0,0,69.5,
rev,3state1ap0acc_030729,3state1ap0acc_005769_c,1,50,21,204,1806,35,0,0,854.2,
rev,3state1ap0acc_024948_c,3state1ap0acc_013645_c,1,57,27,136,1017,28,0,0,406.9,
rev,3state1ap0acc_029734_c,3state1ap0acc_007560_c,1,72,12,229,2570,28,0,0,1517.5,
rev,2state1ap1acc_05196_c,2state1ap2acc_parity_0004538925_c,1,13,11,31,103,10,0,0,12.0,
rev,2state1ap0acc_026_c,3state1ap0acc_021025_c,1,6,17,17,24,3,0,0,2.4,
rev,3state1ap0acc_074056,2state1ap2acc_parity_0002114561,1,11,10,25,47,20,0,0,4.9,
rev,3state1ap0acc_004426,3state1ap1acc_parity_34972191752,1,5,23,29,27,4,0,0,4.9,
rev,4state1ap1acc_parity_00876585690160238598_c,3state1ap0acc_015380_c,1,10,36,84,164,16,0,0,37.4,
rev,3state1ap0acc_076293,3state1ap1acc_20944955967_c,1,12,10,26,60,20,0,0,8.1,
rev,2state1ap2acc_parity_0022079492_c,3state1ap0acc_013645,1,17,27,69,309,40,0,0,78.9,
rev,2state1ap1acc_06536,3state1ap0acc_074325,1,6,36,39,241,22,0,0,34.9,
rev,3state1ap0acc_070360,3state1ap0acc_021657,1,32,67,240,2641,74,0,0,1813.4,
rev,3state1ap0acc_024684,3state1ap1acc_00577895438_c,1,26,7,37,129,20,0,0,14.7,
rev,2state1ap2acc_parity_0069045002,3state1ap0acc_020556,1,6,10,15,34,8,0,0,2.1,
rev,3state1ap0acc_024912_c,3state1ap1acc_06510251562,1,30,16,67,374,11,0,0,117.7,
rev,3state1ap0acc_030228_c,3state1ap2acc_parity_0863325839619135019271,1,47,62,203,1590,52,0,0,931.8,
rev,3state1ap0acc_076042,3state1ap1acc_parity_09932264476,1,73,5,80,425,4,0,0,96.4,
rev,3state1ap0acc_078858,3state1ap0acc_029976,1,21,63,170,1527,34,0,0,557.1,
rev,2state1ap2acc_parity_0126010194_c,3state1ap0acc_080518_c,1,10,11,29,117,23,0,0,14.3,
rev,4state1ap1acc_parity_04925124450998633873,3state1ap0acc_078152_c,1,7,11,24,24,5,0,0,3.9,
rev,3state1ap0acc_012614,3state1ap0acc_030024_c,1,16,17,42,174,6,0,0,15.5,
rev,3state1ap1acc_parity_08657112224_c,3state1ap0acc_075785,1,15,23,68,156,29,0,0,22.5,
rev,3state1ap0acc_031752,3state1ap0acc_020620_c,1,25,14,46,131,6,0,0,19.0,
rev,3state1ap0acc_079400_c,3state1ap0acc_075860_c,1,25,19,63,312,9,0,0,53.6,
rev,2state1ap2acc_parity_0006272130_c,3state1ap0acc_024708_c,1,10,6,15,26,2,0,0,1.4,
rev,3state1ap1acc_parity_43022074069,3state1ap1acc_parity_34454263104,1,14,9,31,40,19,0,0,5.1,
rev,3state1ap0acc_078340,3state1ap0acc_007432,1,10,25,44,73,20,0,0,10.4,
rev,3state1ap1acc_01078740549_c,3state1ap0acc_092300,1,21,46,83,421,24,0,0,117.1,
rev,3state1ap0acc_087196_c,3state1ap0acc_090440,1,46,15,91,415,43,0,0,144.9,
rev,3state1ap0acc_005286_c,2state1ap2acc_parity_2292326218,1,50,5,68,488,58,0,1,125.6,
rev,3state1ap0acc_013908,3state1ap2acc_parity_1500892642206368090510,1,57,62,273,3831,39,0,0,2156.6,
rev,3state1ap0acc_020920_c,3state1ap0acc_025112_c,1,36,13,56,176,5,0,0,49.1,
rev,3state1ap0acc_090625,3state1ap0acc_021922,1,8,32,43,134,18,0,0,22.6,
rev,3state1ap0acc_024680_c,3state1ap0acc_007438_c,1,14,41,96,594,40,0,0,290.7,
rev,4state1ap1acc_parity_00252289612356345418,3state1ap0acc_025893,1,31,69,198,1736,81,0,0,1985.9,
rev,3state1ap0acc_004628_c,2state1ap2acc_parity_1164845312,1,7,10,14,18,5,0,0,2.3,
rev,3state1ap0acc_021928,3state1ap0acc_078024,1,12,15,25,69,18,0,0,8.4,
rev,3state1ap0acc_005402,3state1ap0acc_026653_c,1,17,19,111,1488,61,0,0,557.6,
rev,3state1ap1acc_parity_09932264476_c,3state1ap1acc_46306722133_c,1,5,7,13,12,9,1,0,1.5,
rev,2state1ap1acc_03170,3state1ap0acc_074260_c,1,8,17,31,54,10,0,0,6.8,
rev,3state1ap2acc_parity_2574024314207122656261_c,3state1ap0acc_086156,1,67,17,111,337,59,0,0,143.3,
rev,3state1ap1acc_21891294336_c,3state1ap0acc_078356_c,1,16,21,37,88,16,1,0,8.2,
rev,3state1ap0acc_091238,3state1ap2acc_parity_1310551305816495741957_c,1,45,79,277,3490,137,0,0,3794.8,
rev,3state1ap0acc_026641,3state1ap0acc_007434,1,15,12,33,191,22,0,0,19.3,
rev,2state1ap1acc_05250_c,2state1ap1acc_18050_c,1,7,9,13,38,2,0,0,2.7,
rev,3state1ap1acc_37118511116,3state1ap2acc_parity_2568710745067348706059_c,1,6,31,51,191,13,0,0,37.5,
rev,3state1ap0acc_029734_c,3state1ap0acc_007436,,,,,,,,,,F2-budget
rev,3state1ap0acc_086156_c,3state1ap0acc_004772,1,17,15,46,121,36,0,0,22.7,
rev,3state1ap0acc_030225,3state1ap0acc_031384_c,1,58,24,183,2328,96,0,0,1503.0,
rev,3state1ap0acc_080068_c,3state1ap0acc_024857_c,1,27,11,47,170,8,0,0,28.5,
rev,2state1ap1acc_01176,2state1ap2acc_parity_0004822272,1,10,14,24,78,21,0,0,7.2,
rev,2state1ap2acc_parity_0574882177,3state1ap0acc_074829_c,1,4,29,31,109,11,0,0,11.2,
rev,3state1ap0acc_030856,3state1ap0acc_007468,1,18,45,59,382,19,0,0,56.1,
rev,3state1ap1acc_17251696968_c,3state1ap1acc_07986021488,1,69,17,100,296,48,0,1,116.8,
rev,3state1ap0acc_004422_c,3state1ap0acc_106728,1,16,47,83,550,14,0,0,184.1,
rev,3state1ap1acc_46475546712_c,3state1ap0acc_069804_c,1,11,12,46,203,17,0,0,12.1,
rev,2state1ap2acc_parity_0001191050_c,3state1ap0acc_026772_c,1,19,20,51,157,12,0,0,25.2,
rev,3state1ap0acc_075942_c,2state1ap2acc_parity_0005036034_c,1,32,13,78,367,27,0,0,77.7,
rev,2state1ap2acc_parity_0004295586_c,3state1ap0acc_072334_c,1,14,11,22,88,16,0,0,13.9,
rev,2state1ap2acc_parity_0708854026_c,3state1ap1acc_parity_10805384360,1,9,12,20,29,5,0,0,3.1,
rev,3state1ap0acc_091236,3state1ap0acc_025253_c,1,67,11,148,1791,82,0,0,1049.2,
rev,3state1ap0acc_013641_c,2state1ap1acc_16912,1,22,7,26,101,23,1,0,10.9,
rev,3state1ap1acc_20552143008_c,3state1ap0acc_077380_c,1,15,41,75,270,49,0,0,104.8,
rev,3state1ap0acc_025708,2state1ap1acc_50306,1,13,8,24,86,21,0,0,9.2,
rev,3state1ap0acc_074264,3state1ap0acc_096265_c,1,10,19,36,126,29,0,0,12.5,
rev,3state1ap0acc_081032_c,3state1ap0acc_071880_c,1,66,22,178,1250,18,0,0,601.0,
rev,3state1ap1acc_35769115713,3state1ap0acc_074412_c,1,48,58,137,908,22,0,0,425.7,
rev,3state1ap0acc_004645_c,3state1ap0acc_025093_c,1,16,10,26,32,4,0,0,5.2,
rev,3state1ap0acc_074309,3state1ap0acc_072710_c,1,31,77,268,2533,98,0,0,1446.6,
rev,3state1ap0acc_022632_c,3state1ap0acc_024654,1,20,8,33,120,8,0,0,17.5,
rev,3state1ap1acc_parity_08657112224_c,3state1ap0acc_030240_c,1,15,14,31,90,12,0,0,6.6,
rev,3state1ap0acc_004424,3state1ap0acc_030112,1,9,34,63,264,21,0,0,39.4,
rev,3state1ap0acc_071822,3state1ap0acc_076074,1,21,32,84,722,51,0,0,224.7,
rev,3state1ap0acc_030726,3state1ap0acc_030733,1,21,7,27,85,4,0,0,6.1,
rev,3state1ap0acc_004452,3state1ap0acc_071702_c,1,20,51,78,372,24,1,0,50.4,
rev,3state1ap0acc_030213,3state1ap0acc_025320_c,1,51,45,222,3110,96,0,0,2307.2,
rev,3state1ap0acc_013641,3state1ap0acc_004612,1,22,6,24,76,15,0,1,7.7,
rev,3state1ap0acc_026833_c,3state1ap0acc_006153,1,33,12,78,378,45,0,0,118.4,
rev,3state1ap0acc_030862_c,3state1ap0acc_025296_c,1,32,50,250,3066,56,0,0,2292.7,
rev,3state1ap0acc_025625,3state1ap2acc_parity_0226603284168771633733,1,19,38,107,587,58,0,0,133.9,
rev,3state1ap0acc_029769_c,3state1ap0acc_024673,1,25,22,116,786,35,0,0,260.0,
rev,3state1ap0acc_071702,2state1ap2acc_parity_1083056266,1,51,15,117,1045,101,0,0,394.8,
rev,3state1ap0acc_024800,2state1ap0acc_053,1,19,9,39,92,22,0,0,10.2,
rev,3state1ap1acc_00501801994,3state1ap1acc_43021293649,1,24,8,34,87,7,0,0,13.3,
rev,3state1ap0acc_080398,3state1ap0acc_079444,1,20,47,131,1701,40,0,0,920.1,
rev,3state1ap0acc_005286,3state1ap0acc_025136,1,50,14,99,375,82,0,0,166.9,
rev,3state1ap0acc_005800,2state1ap2acc_parity_1297172901,1,31,13,78,366,7,0,0,39.6,
rev,3state1ap0acc_013641,3state1ap0acc_079896_c,1,22,50,128,746,30,0,0,154.5,
rev,3state1ap0acc_073865,2state1ap2acc_parity_2290440257_c,1,13,10,24,31,7,0,0,3.2,
rev,2state1ap2acc_parity_0572212224,3state1ap0acc_005800_c,1,9,31,79,350,5,0,0,30.3,
rev,3state1ap1acc_19337320362_c,3state1ap0acc_013384_c,1,9,21,43,85,2,0,0,4.6,
rev,2state1ap2acc_parity_0005327658,2state1ap2acc_parity_0015632386_c,1,9,27,60,234,19,0,0,18.5,
rev,3state1ap0acc_073865,2state1ap2acc_parity_0067828500_c,1,13,9,13,25,3,0,0,1.4,
rev,3state1ap1acc_parity_37586212922_c,3state1ap0acc_077976,1,6,27,29,107,12,0,0,9.4,
rev,3state1ap1acc_19879280012,3state1ap0acc_078341_c,1,7,12,17,11,5,0,0,2.0,
rev,3state1ap1acc_parity_52747897074,3state1ap0acc_025137,1,13,7,28,46,9,0,0,7.3,
rev,3state1ap1acc_20401758904_c,3state1ap0acc_004392,1,28,10,35,123,29,0,1,18.5,
rev,3state1ap0acc_106568,3state1ap0acc_080036,1,13,11,28,58,4,0,0,3.5,
rev,2state1ap1acc_16899,3state1ap0acc_004756_c,1,3,13,14,35,4,0,0,2.9,
rev,3state1ap2acc_parity_1282809694496512603916,3state1ap0acc_025244,1,80,20,190,2042,118,0,0,1448.9,
rev,3state1ap0acc_004632,4state1ap2acc_parity_189888352042736996057462590870753750530,1,7,20,30,62,11,0,0,7.4,
rev,2state1ap2acc_parity_0715295236,2state1ap2acc_parity_2292326218,1,13,5,15,51,16,1,0,2.9,
rev,3state1ap0acc_078924,3state1ap0acc_020652_c,1,20,38,97,924,29,0,0,332.8,
rev,3state1ap0acc_004280_c,3state1ap0acc_005652,1,17,42,161,1013,51,0,1,535.6,
rev,3state1ap0acc_106660,3state1ap1acc_parity_34966176896,1,45,8,114,187,4,0,0,228.6,
rev,3state1ap0acc_079444,2state1ap2acc_parity_2290440257,1,47,10,58,208,15,0,0,46.0,
rev,2state1ap2acc_parity_0571753498,3state1ap0acc_007190_c,1,16,71,135,899,55,0,0,247.7,
rev,3state1ap1acc_06712019249,2state1ap2acc_parity_2726576129_c,1,26,13,53,301,21,0,0,38.0,
rev,3state1ap0acc_026808,3state1ap1acc_08763069152_c,1,31,25,50,216,18,0,0,50.6,
rev,3state1ap0acc_004788_c,3state1ap0acc_074436_c,1,12,11,46,350,25,0,0,73.5,
rev,2state1ap2acc_parity_0004891914_c,3state1ap0acc_013385,1,13,27,45,114,16,0,0,22.5,
rev,3state1ap0acc_090212_c,3state1ap0acc_026644_c,1,59,32,263,1804,41,0,0,1069.8,
rev,3state1ap0acc_091682,3state1ap0acc_024946,1,32,46,119,924,24,0,0,244.0,
rev,3state1ap0acc_077961,3state1ap0acc_026642_c,1,15,15,74,192,23,0,0,27.7,
rev,2state2ap2acc_parity_12125081597581071066_c,2state2ap2acc_parity_03926171514245816491_c,2,32,12,76,274,45,0,0,57.4,
rev,3state2ap2acc_parity_07131409991411177307553436271602182331950408,3state2ap2acc_parity_19292204062434739838585513977313286700953855_c,2,10,17,29,60,22,0,0,7.3,
rev,4state2ap1acc_parity_216913534712549064574886800825391398934_c,2state2ap2acc_parity_08509043498043523396_c,2,7,16,35,53,18,0,0,8.1,
rev,2state2ap2acc_parity_04964710546502961656,1state2ap3acc_parity_0178405888,2,11,5,14,39,24,0,1,3.7,
rev,3state2ap2acc_parity_14640345009540178756934700191540411232346135_c,2state2ap2acc_parity_00111729103757431907,2,22,17,88,711,119,0,0,81.2,
rev,3state2ap2acc_parity_00442143975446621002174926794741649083380452,3state2ap2acc_parity_14122322237705402063424891878630450175732896_c,2,19,39,134,745,86,0,0,273.4,
rev,2state2ap2acc_parity_08197976992496502017,3state2ap2acc_parity_05744229146499564561388240723307926009780705,2,11,53,147,1278,125,0,0,539.9,
rev,3state2ap2acc_parity_05646301230268628350670752252735482621755525,2state2ap2acc_parity_00495951104014606457,2,61,26,246,2184,63,0,0,2920.1,
rev,2state2ap2acc_parity_10415250806679194641,3state2ap2acc_parity_13314475190816682929472322021533208167327997,2,15,61,291,3950,103,0,0,4791.2,
rev,2state2ap2acc_parity_11589610070952749602_c,2state2ap2acc_parity_02406207182630619308_c,2,16,25,73,445,46,0,0,57.6,
rev,3state2ap2acc_parity_12403977564925508453551236462067085934910282_c,2state2ap2acc_parity_05983266170514214042,2,4,17,21,66,7,0,0,2.8,
rev,2state2ap2acc_parity_04630318344642327802,2state2ap2acc_parity_03465359446847513186_c,2,21,16,70,406,67,0,0,63.6,
rev,3state2ap2acc_parity_07640798032698989284855753784519901965426725,2state2ap1acc_parity_1642596627,2,37,12,105,1003,41,0,0,525.0,
rev,2state2ap2acc_parity_05770070685202830714,2state2ap2acc_parity_06706656653999847593_c,2,17,15,112,757,89,0,0,218.7,
rev,1state2ap1acc_105,2state2ap2acc_parity_12726042477177204477,2,3,11,13,46,12,0,0,3.8,
rev,4state2ap1acc_parity_216358315450290392374483810345841206404_c,3state2ap2acc_parity_15377585186585244386570480866490820334912621_c,2,6,64,85,310,67,1,0,103.1,
rev,2state2ap2acc_parity_01838757176823623953,3state2ap2acc_parity_00002382211212622917890616193867070465190424_c,2,5,95,126,664,57,0,0,175.4,
rev,2state2ap2acc_parity_02324350295120187772_c,2state2ap2acc_parity_08130995486210534005,2,21,21,150,1495,82,0,0,266.8,
rev,3state2ap1acc_parity_1967668635396872344074_c,2state2ap2acc_parity_11862219100637939786_c,2,7,20,39,330,96,0,0,42.0,
rev,2state2ap1acc_parity_0139740170_c,2state2ap2acc_parity_00289891630156527747_c,2,8,11,37,81,33,0,0,9.4,
rev,3state2ap2acc_parity_18140904740152146744090750607020588661123804,2state2ap2acc_parity_03965744933853960312_c,2,89,18,285,3499,212,0,0,3961.2,
rev,2state2ap2acc_parity_11193452886051569917,3state2ap2acc_parity_10242932816699746367374054096177816109435269,2,15,36,107,842,22,0,0,292.6,
rev,3state2ap2acc_parity_02225287432583565045627619612700794790776537_c,2state2ap2acc_parity_05207513304957954670,2,15,9,36,163,18,0,0,9.7,
rev,2state2ap1acc_parity_0293990436,3state2ap2acc_parity_07715988424303351654421832419712511907809387,2,24,50,268,1809,129,0,0,2171.0,
rev,2state2ap2acc_parity_02613231945794024176,2state2ap2acc_parity_01025293266847957421,2,18,17,100,712,39,0,0,155.9,
rev,3state2ap2acc_parity_01547795618021375473617303844850997545774316_c,2state2ap2acc_parity_01838757176823623953,2,16,5,20,45,13,0,0,4.8,
rev,2state2ap2acc_parity_14459783819944657321_c,1state2ap2acc_parity_00266_c,2,12,4,20,45,2,0,0,3.4,
rev,3state2ap1acc_parity_3585895366144295765516_c,2state2ap2acc_parity_11316808124643219609,2,6,22,31,81,18,1,0,6.9,
rev,1state2ap0acc_06,2state2ap2acc_parity_02590837127116143237_c,2,3,12,14,41,24,1,0,2.7,
rev,3state2ap2acc_parity_19292204062434739838585513977313286700953855_c,1state2ap2acc_00386,2,17,5,21,83,41,1,0,6.4,
rev,2state2ap2acc_parity_12005792140375715561_c,3state2ap2acc_parity_08920014192153606574079903209430866941080569_c,2,11,61,103,378,64,0,1,146.4,
rev,2state2ap2acc_parity_11209796727779668548,2state2ap2acc_parity_05031259995512837208_c,2,16,29,154,1241,177,0,0,474.8,
rev,2state2ap2acc_parity_02338443166392502418,2state2ap2acc_parity_03598501441036968601,2,45,32,289,2828,167,0,0,3323.3,
rev,2state2ap2acc_parity_12856971236255351261,1state2ap2acc_parity_06150_c,2,10,4,10,27,4,0,0,2.7,
rev,1state2ap2acc_00416,2state2ap2acc_parity_12005792140375715561_c,2,5,11,20,70,29,0,0,5.8,
rev,4state2ap1acc_parity_016989447636600366334037124246744914241_c,3state2ap2acc_parity_13322400562467511889208063629341661021480178,2,8,103,118,701,29,0,0,34.9,
rev,2state2ap1acc_parity_2455687333_c,1state2ap1acc_018_c,2,4,4,5,7,1,0,0,1.2,
rev,2state2ap1acc_parity_4042692746,2state2ap2acc_parity_06360534675873411890_c,2,5,20,23,74,17,0,0,8.4,
rev,3state2ap2acc_parity_06159861430659382172806574419318109950313840,1state2ap2acc_parity_00772,2,56,4,73,374,60,0,0,94.2,
rev,2state2ap2acc_parity_00289891630156527747_c,2state2ap2acc_parity_02479144338996496752_c,2,11,11,33,82,21,0,0,6.1,
rev,4state2ap1acc_parity_032592156420644438548207861214493032704_c,3state2ap2acc_parity_00360908970317846202065523035211166491340988_c,2,8,11,21,62,6,0,0,3.0,
rev,3state2ap2acc_parity_11216132919718599426484354168135068180600985,2state2ap2acc_parity_03377207403598746866_c,2,58,15,187,1952,204,0,0,1240.7,
rev,3state2ap1acc_parity_3585895366144295765516,2state2ap2acc_parity_11740941019044962404,2,6,23,28,109,19,0,0,15.8,
rev,2state2ap2acc_parity_02406207182630619308,2state2ap2acc_parity_12000547282478703909_c,2,25,11,32,116,30,0,0,11.4,
rev,2state2ap2acc_parity_02784935455026984028,3state2ap2acc_parity_14841615962601542641582320641199714513748170,2,17,130,231,1574,43,0,0,574.1,
rev,2state2ap2acc_parity_02455151384263699489,3state2ap2acc_parity_10347144930624275892248421612650292723877017_c,2,26,127,452,5331,340,0,0,12537.6,
rev,2state2ap2acc_parity_04906201296742293504,2state2ap2acc_parity_07285067545879021657_c,2,37,19,155,1773,172,0,0,727.3,
rev,4state2ap1acc_parity_182011070065798834957904108023680624228,3state2ap2acc_parity_19699037403887099928121848904437987237110396,2,5,208,317,3284,29,0,0,7107.4,
rev,3state2ap2acc_parity_05744229146499564561388240723307926009780705,1state2ap2acc_parity_00772_c,2,53,4,64,260,2,0,0,112.2,
rev,2state2ap2acc_parity_02412135448199726114_c,2state2ap2acc_parity_04727523500524286007,2,21,12,46,264,58,0,0,24.2,
rev,2state2ap2acc_parity_17362277832879126548,2state2ap2acc_parity_05522610772710766970_c,2,9,25,79,375,94,0,0,87.8,
rev,3state2ap2acc_parity_11216132919718599426484354168135068180600985_c,3state2ap1acc_parity_1796825632970893428833,2,58,13,164,825,40,0,0,110.9,
rev,3state2ap2acc_parity_19513157098239232108232341494837416149158789,2state2ap2acc_parity_10439520783294077228,2,28,29,254,2624,207,0,0,2031.9,
rev,2state2ap2acc_parity_00495951104014606457_c,2state2ap2acc_parity_09669650752595937080,2,26,5,34,87,3,0,0,9.5,
rev,2state2ap1acc_parity_3289547584,2state2ap1acc_parity_3024546618_c,2,13,4,22,64,21,0,0,5.0,
rev,3state2ap2acc_parity_01574353071461662293527634042304113554171601,3state2ap2acc_parity_04290111865843214334382313628225177616302156_c,2,32,57,208,2081,211,0,0,1401.1,
rev,2state2ap2acc_parity_09615319376540246571,2state2ap2acc_parity_03644846996254608138_c,2,11,5,15,29,17,0,1,3.1,
rev,2state2ap2acc_parity_00082015929639258213_c,2state2ap2acc_parity_15568350751340371263,2,27,14,112,814,94,0,0,138.0,
rev,1state2ap2acc_parity_06150,3state2ap2acc_parity_04290111865843214334382313628225177616302156_c,2,4,57,73,327,70,0,0,71.5,
rev,2state2ap2acc_parity_09863644550122525712,1state2ap2acc_00300_c,2,23,4,26,106,40,0,0,10.9,
rev,3state2ap2acc_parity_06313475381795330209467421463533420155064625_c,2state2ap2acc_parity_06706656653999847593_c,2,94,15,200,2146,175,0,0,1221.7,
rev,2state2ap2acc_parity_04906201296742293504_c,3state2ap2acc_parity_08603614892753180213647106418019782380468347_c,2,37,40,351,5151,458,0,0,6277.4,
rev,3state2ap2acc_parity_11352125598174738554908919375056653404965564,2state2ap2acc_parity_10956058418304074776_c,2,64,12,83,407,87,0,0,107.5,
rev,4state2ap1acc_parity_128630394002267607203457118552609683947,2state2ap2acc_parity_12728864607586338936_c,2,8,15,26,104,20,0,0,9.8,
rev,3state2ap2acc_parity_14187696287525319699726623503636843130614373,2state2ap1acc_parity_0030441824_c,2,26,29,106,1050,75,0,0,403.2,
rev,3state2ap2acc_parity_17256777809672929554857622979850165510394022,2state2ap2acc_parity_09340193533924172070,2,16,5,24,109,27,0,0,11.1,
rev,1state2ap0acc_01,2state2ap2acc_parity_09303125106357635126_c,2,3,6,7,14,7,1,0,1.5,
rev,2state2ap2acc_parity_00732443274184804514_c,2state2ap2acc_parity_01300381873082871896_c,2,10,37,43,203,17,0,0,15.6,
rev,1state3ap1acc_00386_c,1state3ap1acc_00876_c,3,4,4,6,14,3,0,1,1.9,
rev,1state3ap1acc_06916_c,1state3ap1acc_00788,3,4,4,9,31,25,0,0,2.5,
rev,1state3ap1acc_07777_c,1state3ap1acc_05800,3,4,4,8,23,17,0,0,2.1,
rev,1state3ap1acc_32257,1state3ap1acc_06530,3,4,4,10,36,30,0,0,2.6,
rev,2state3ap1acc_parity_10541487760048391324_c,2state3ap1acc_parity_05265621111752452744,3,22,29,110,963,192,0,0,315.6,
rev,1state3ap1acc_07777_c,1state3ap1acc_01537_c,3,4,4,6,12,1,0,0,1.9,
rev,2state3ap1acc_parity_08649156823177511470_c,1state3ap1acc_00796,3,26,4,46,237,75,0,0,31.0,
rev,2state3ap1acc_parity_14104290084247047862_c,1state3ap1acc_01785,3,4,3,5,8,2,0,0,1.4,
rev,1state3ap1acc_02040_c,1state3ap1acc_06180_c,3,3,4,7,18,3,0,0,1.6,
rev,1state3ap1acc_06147,2state3ap1acc_parity_01830543289898687049_c,3,4,26,30,118,23,1,0,7.1,
rev,1state3ap0acc_127_c,1state3ap1acc_00446,3,3,4,6,12,9,0,0,1.6,
rev,2state3ap1acc_parity_02614646715407461635_c,1state3ap1acc_07904,3,12,4,28,194,75,0,0,17.4,
rev,1state3ap1acc_00494_c,2state3ap1acc_parity_00865795744191920295,3,4,20,22,96,24,0,0,8.6,
rev,1state3ap0acc_023,2state3ap1acc_parity_10819738732151771304,3,3,25,30,113,37,0,0,6.4,
rev,2state3ap1acc_parity_12420149321583670028,2state3ap1acc_parity_03229356971305243857_c,3,12,29,71,598,105,0,0,122.0,
rev,1state3ap1acc_06120_c,2state3ap1acc_parity_12253434782604436768,3,3,62,91,474,101,0,0,85.1,
rev,2state3ap1acc_parity_07669827159049524354_c,1state3ap1acc_06564,3,31,4,50,220,90,0,0,33.1,
rev,2state3ap1acc_parity_05706837261896771984_c,2state3ap1acc_parity_17019428005131849826,3,51,27,179,1783,207,0,0,1118.6,
rev,1state3ap1acc_06145_c,2state3ap1acc_parity_12248783858467312927_c,3,4,4,8,27,13,0,0,2.7,
rev,1state3ap1acc_00792,2state3ap1acc_parity_08801613791090661145_c,3,4,18,24,86,17,1,0,4.9,
rev,2state3ap1acc_parity_17019428005131849826_c,1state3ap1acc_00488_c,3,27,4,32,124,6,0,0,10.0,
rev,1state3ap1acc_01777_c,2state3ap1acc_parity_10562312272641601060,3,4,33,46,311,108,0,0,41.7,
rev,1state3ap1acc_01936,1state3ap1acc_05992_c,3,4,4,10,36,6,0,0,2.0,
rev,2state3ap1acc_parity_01766513145226448584,1state3ap1acc_32257_c,3,25,4,52,373,47,0,0,42.6,
rev,1state3ap1acc_05801,1state3ap1acc_08064_c,3,4,4,7,18,1,0,0,1.5,
rev,2state3ap1acc_parity_01644858810352803401,1state3ap1acc_07809_c,3,30,4,62,448,34,0,0,49.3,
rev,2state3ap1acc_parity_14818256413007078534_c,2state3ap1acc_parity_02398314845859828916,3,31,31,160,1558,259,0,0,691.9,
rev,1state3ap1acc_06436,1state3ap1acc_00390,3,4,4,7,17,14,0,0,2.2,
rev,2state3ap1acc_parity_09661361070672199683_c,1state3ap1acc_00840,3,55,4,79,434,132,0,0,83.0,
rev,2state3ap1acc_parity_01190702083017216040_c,1state3ap1acc_05641_c,3,40,4,72,461,14,0,0,72.3,
rev,2state3ap1acc_parity_00865795744191920295,1state3ap1acc_08032,3,20,4,28,148,70,0,0,15.3,
rev,1state3ap1acc_01777,1state3ap1acc_06976,3,4,4,6,12,11,1,0,1.6,
rev,2state3ap1acc_parity_00865795744191920295,1state3ap1acc_00398_c,3,20,4,28,115,8,0,0,11.7,
rev,1state3ap1acc_01713,1state3ap1acc_07681,3,4,4,8,21,18,0,0,1.9,
rev,2state3ap1acc_parity_18211550331080462848,2state3ap1acc_parity_01100260466741905549_c,3,20,33,118,1213,118,0,0,504.3,
rev,2state3ap1acc_parity_08035544545379117594_c,2state3ap1acc_parity_01644858810352803401,3,17,30,156,1243,219,0,0,466.9,
rev,1state3ap1acc_06528_c,1state3ap1acc_01569_c,3,4,4,7,16,1,0,0,1.9,
rev,1state3ap1acc_02725,1state3ap2acc_parity_0179243810_c,2,4,3,6,12,3,0,0,1.2,
rev,1state2ap2acc_parity_00780,1state2ap2acc_00960,1,3,4,4,5,4,1,0,0.6,
rev,1state3ap1acc_00828,1state3ap0acc_060,2,4,3,5,9,6,1,0,1.2,
rev,1state3ap0acc_015_c,1state3ap1acc_04080_c,1,3,3,3,3,1,0,0,0.6,
comp,3state1ap0acc_005669_c,3state1ap0acc_005669,1,35,35,35,109,5,1,0,11.8,
comp,3state1ap0acc_007433,3state1ap0acc_007433_c,1,51,51,51,240,15,1,0,15.1,
comp,2state2ap2acc_parity_11739460036733395036,2state2ap2acc_parity_11739460036733395036_c,2,13,13,13,43,12,1,0,2.4,
comp,3state1ap0acc_030088,3state1ap0acc_030088_c,1,30,30,30,85,9,1,0,4.7,
comp,2state1ap1acc_01668,2state1ap2acc_parity_1092894811,1,6,6,6,10,1,1,0,0.7,
comp,3state1ap0acc_013384_c,3state1ap0acc_013384,1,21,21,21,46,4,1,0,3.3,
comp,2state1ap2acc_parity_0361080842_c,2state1ap2acc_parity_0361080842,1,15,15,15,50,7,1,0,2.7,
comp,1state3ap1acc_07776_c,1state3ap1acc_07776,3,4,4,4,6,5,1,0,1.3,
comp,3state1ap0acc_012618,3state1ap1acc_04030993243,1,7,7,7,16,2,1,0,0.9,
comp,2state1ap1acc_00296,2state1ap1acc_00296_c,1,7,7,7,14,1,1,0,0.7,
comp,1state3ap1acc_06180,1state3ap1acc_06180_c,3,4,4,4,6,1,1,0,1.1,
comp,1state3ap0acc_127_c,1state3ap0acc_127,3,3,3,3,3,2,1,0,1.1,
comp,1state3ap0acc_111,1state3ap0acc_111_c,3,3,3,3,3,1,1,0,1.1,
comp,3state1ap0acc_092169_c,3state1ap0acc_092169,1,25,25,25,87,9,1,0,5.5,
comp,3state1ap0acc_030733,3state1ap0acc_030733_c,1,7,7,7,15,5,1,0,1.0,
comp,3state1ap1acc_23689824842,2state1ap2acc_parity_0017110190,1,4,4,4,7,4,1,0,0.7,
comp,3state1ap0acc_074008,3state1ap0acc_074008_c,1,11,11,11,17,8,1,0,1.1,
comp,2state2ap2acc_parity_05928472454425936171,2state2ap2acc_parity_05928472454425936171_c,2,8,8,8,19,8,1,0,2.1,
comp,2state1ap2acc_parity_0682573952,2state1ap2acc_parity_0682573952_c,1,17,17,17,30,8,1,0,1.5,
comp,2state2ap2acc_parity_07682050317558685146,2state2ap2acc_parity_07682050317558685146_c,2,9,9,9,26,17,1,0,2.4,
comp,3state1ap0acc_004649_c,3state1ap0acc_004649,1,10,10,10,14,6,1,0,1.2,
comp,2state2ap2acc_parity_00990318396378167694_c,2state2ap2acc_parity_00990318396378167694,2,5,5,5,9,4,1,0,1.4,
comp,3state1ap1acc_parity_00236788304,3state1ap1acc_parity_00236788304_c,1,14,14,14,20,10,1,0,1.5,
comp,3state1ap0acc_074380_c,3state1ap0acc_074380,1,21,21,21,59,5,1,0,3.5,
comp,2state1ap2acc_parity_0023610368_c,2state1ap2acc_parity_0023610368,1,17,17,17,45,12,1,0,2.9,
comp,3state1ap1acc_00712069129_c,3state1ap1acc_00712069129,1,6,6,6,14,3,1,0,0.8,
comp,1state3ap1acc_06980,1state3ap1acc_06980_c,3,4,4,4,6,1,1,0,1.1,
comp,2state1ap2acc_parity_1091584292,2state1ap2acc_parity_1091584292_c,1,13,13,13,39,3,1,0,1.8,
comp,3state1ap0acc_006286_c,3state1ap0acc_006286,1,37,37,37,136,14,1,0,14.6,
comp,3state1ap0acc_029996,3state1ap0acc_029996_c,1,27,27,27,100,24,1,0,11.8,
comp,3state1ap0acc_024648_c,3state1ap0acc_024648,1,10,10,10,9,4,1,0,1.1,
comp,4state1ap1acc_parity_05552965279820131111_c,4state1ap1acc_parity_05552965279820131111,1,13,13,13,12,3,1,0,0.7,
comp,2state2ap2acc_parity_12726042477177204477_c,2state2ap2acc_parity_12726042477177204477,2,11,11,11,33,6,1,0,1.9,
comp,3state1ap0acc_005390,3state1ap0acc_005390_c,1,20,20,20,79,2,1,0,3.7,
comp,3state1ap1acc_parity_20955287557_c,3state1ap1acc_parity_20955287557,1,7,7,7,8,5,1,0,0.8,
comp,3state1ap1acc_21174945986,3state1ap1acc_21174945986_c,1,17,17,17,42,9,1,0,3.8,
comp,3state1ap0acc_070292_c,3state1ap0acc_070292,1,20,20,20,66,4,1,0,4.2,
comp,2state2ap2acc_parity_08428841554743566745_c,2state2ap2acc_parity_08428841554743566745,2,36,36,36,115,10,1,0,7.5,
comp,2state1ap2acc_parity_0440717097,2state1ap2acc_parity_0440717097_c,1,8,8,8,9,2,1,0,0.8,
comp,1state3ap1acc_07108,1state3ap1acc_07108_c,3,4,4,4,6,1,1,0,1.2,
comp,3state1ap0acc_074264,3state1ap0acc_074264_c,1,10,10,10,14,5,1,0,0.9,
comp,3state1ap0acc_024657_c,3state1ap0acc_024657,1,12,12,12,36,4,1,0,2.0,
comp,1state3ap2acc_parity_4009950875,1state3ap2acc_parity_4009950875_c,3,4,4,4,6,2,1,0,1.2,
comp,3state1ap0acc_090468,3state1ap0acc_090468_c,1,69,69,69,395,32,1,0,50.4,
comp,3state1ap0acc_080526_c,3state1ap0acc_080526,1,14,14,14,36,3,1,0,2.9,
comp,2state1ap2acc_parity_0082224640,2state1ap2acc_parity_0082224640_c,1,8,8,8,14,6,1,0,1.0,
comp,3state1ap0acc_090690_c,3state1ap0acc_090690,1,9,9,9,9,4,1,0,0.9,
comp,2state2ap1acc_parity_0048820304,2state2ap1acc_parity_0048820304_c,2,34,34,34,120,23,1,0,9.7,
comp,2state3ap1acc_parity_12762182339280483857_c,2state3ap1acc_parity_12762182339280483857,3,32,32,32,161,49,1,0,9.2,
comp,3state1ap0acc_004504,3state1ap0acc_004504_c,1,21,21,21,55,8,1,0,2.0,
comp,3state1ap0acc_026833,3state1ap0acc_026833_c,1,33,33,33,175,15,1,0,11.1,
comp,3state1ap0acc_020896,3state1ap0acc_020896_c,1,25,25,25,56,2,1,0,2.8,
comp,1state3ap1acc_00984,1state3ap1acc_00984_c,3,4,4,4,6,1,1,0,1.2,
comp,1state3ap1acc_01816_c,1state3ap1acc_01816,3,4,4,4,6,5,1,0,1.3,
comp,1state3ap1acc_05672_c,1state3ap1acc_05672,3,4,4,4,6,5,1,0,1.3,
comp,2state1ap2acc_parity_0585695318,2state1ap1acc_49414,1,4,4,4,5,3,1,0,0.6,
comp,2state2ap1acc_parity_2306956557_c,2state2ap1acc_parity_2306956557,2,4,4,4,7,3,1,0,1.1,
comp,3state1ap0acc_030862_c,3state1ap0acc_030862,1,32,32,32,133,9,1,0,9.9,
comp,1state2ap2acc_parity_00258,1state2ap2acc_parity_00258_c,2,4,4,4,6,2,1,0,1.0,
comp,1state3ap1acc_08032_c,1state3ap1acc_08032,3,4,4,4,6,5,1,0,1.3,
comp,3state1ap0acc_025168,3state1ap0acc_025168_c,1,32,32,32,83,10,1,0,3.7,
comp,2state1ap2acc_parity_1100974856,2state1ap2acc_parity_1100974856_c,1,17,17,17,20,3,1,0,1.6,
comp,3state1ap0acc_006670_c,3state1ap0acc_006670,1,51,51,51,240,24,1,0,30.7,
comp,3state1ap0acc_006442,3state1ap0acc_006442_c,1,32,32,32,97,2,1,0,4.9,
comp,1state3ap1acc_06564_c,1state3ap1acc_06564,3,4,4,4,6,5,1,0,1.3,
comp,1state2ap2acc_parity_05640_c,1state2ap2acc_parity_05640,2,4,4,4,6,4,1,0,1.0,
comp,2state1ap2acc_parity_1163278594_c,2state1ap2acc_parity_1163278594,1,10,10,10,20,2,1,0,0.9,
comp,3state1ap0acc_029352,3state1ap0acc_029352_c,1,15,15,15,55,3,1,0,2.9,
comp,2state1ap2acc_parity_0156533284,2state1ap2acc_parity_0156533284_c,1,7,7,7,14,6,1,0,1.0,
comp,3state1ap0acc_073836,3state1ap0acc_073836_c,1,14,14,14,36,10,1,0,1.9,
comp,2state2ap2acc_parity_09981525486868144193,2state2ap2acc_parity_09981525486868144193_c,2,11,11,11,28,11,1,0,2.0,
comp,1state3ap1acc_27412_c,1state3ap1acc_27412,3,4,4,4,6,5,1,0,1.2,
comp,2state2ap2acc_parity_03520663292383319141,2state2ap2acc_parity_03520663292383319141_c,2,13,13,13,27,6,1,0,1.9,
comp,3state1ap0acc_029773_c,3state1ap0acc_029773,1,37,37,37,136,9,1,0,11.1,
comp,2state2ap2acc_parity_08145707971420113983_c,2state2ap2acc_parity_08145707971420113983,2,6,6,6,13,4,1,0,1.3,
comp,3state1ap0acc_075801_c,3state1ap0acc_075801,1,50,50,50,266,21,1,0,24.3,
comp,2state1ap1acc_01120,2state1ap2acc_parity_0280437504,1,8,8,8,14,1,1,0,0.7,
comp,4state2ap1acc_parity_226360842441744012894097993579577679937,4state2ap1acc_parity_226360842441744012894097993579577679937_c,2,5,5,5,6,5,1,0,1.2,
comp,2state2ap2acc_parity_02479144338996496752,2state2ap2acc_parity_02479144338996496752_c,2,11,11,11,23,8,1,0,2.0,
comp,2state3ap1acc_parity_09661361070672199683,2state3ap1acc_parity_09661361070672199683_c,3,55,55,55,289,35,1,0,18.9,
comp,2state2ap2acc_parity_00593706300350443922,2state2ap2acc_parity_00593706300350443922_c,2,20,20,20,84,34,1,0,6.9,
comp,2state3ap1acc_parity_02396250507214873544,2state3ap1acc_parity_02396250507214873544_c,3,25,25,25,109,17,1,0,6.1,
comp,3state1ap0acc_061512_c,3state1ap0acc_061512,1,10,10,10,9,2,1,0,0.9,
comp,4state1ap1acc_parity_05656524019982700798_c,4state1ap1acc_parity_05656524019982700798,1,12,12,12,24,8,1,0,1.1,
comp,1state3ap1acc_01808,1state3ap1acc_01808_c,3,4,4,4,6,1,1,0,1.2,
comp,1state3ap1acc_05768_c,1state3ap1acc_05768,3,4,4,4,6,5,1,0,1.2,
comp,2state3ap1acc_parity_12123910208993388101_c,2state3ap1acc_parity_12123910208993388101,3,26,26,26,122,41,1,0,7.5,
comp,3state2ap2acc_parity_02402374494256087094923511219952545824759934_c,3state2ap2acc_parity_02402374494256087094923511219952545824759934,2,14,14,14,34,10,1,0,3.0,
comp,1state2ap2acc_parity_00262_c,1state2ap2acc_parity_00262,2,4,4,4,6,4,1,0,1.1,
comp,2state2ap2acc_parity_01025293266847957421,2state2ap2acc_parity_01025293266847957421_c,2,17,17,17,52,15,1,0,4.0,
comp,2state2ap2acc_parity_10415250806679194641_c,2state2ap2acc_parity_10415250806679194641,2,15,15,15,60,6,1,0,2.0,
comp,3state1ap0acc_087196,3state1ap0acc_087196_c,1,46,46,46,206,10,1,0,14.0,
comp,3state1ap0acc_029708_c,3state1ap0acc_029708,1,121,121,121,730,14,1,0,129.2,
comp,3state1ap0acc_012556,3state1ap0acc_012556_c,1,7,7,7,5,3,1,0,0.8,
comp,3state1ap0acc_013892_c,3state1ap0acc_013892,1,93,93,93,567,24,1,0,116.4,
comp,3state1ap1acc_parity_34966176896_c,3state1ap1acc_parity_34966176896,1,8,8,8,8,2,1,0,0.7,
comp,2state2ap2acc_parity_16593697657777363039_c,2state2ap2acc_parity_16593697657777363039,2,25,25,25,75,8,1,0,4.0,
comp,3state1ap0acc_069804,3state1ap0acc_069804_c,1,12,12,12,30,3,1,0,1.4,
comp,3state1ap0acc_092232_c,3state1ap0acc_092232,1,25,25,25,87,9,1,0,5.0,
comp,2state2ap2acc_parity_02307324137090008103_c,2state2ap2acc_parity_02307324137090008103,2,42,42,42,210,30,1,0,19.1,
