id,layer,k,nC,R,sigma,aperiodic,status,states,F,toggles,conjugate,genuine,time_s
3state2ap2acc_parity_00235886993773694390966782803867390819255335,17,1,48,4,4,1,BUDGET,1000000,,,,,7.46
3state2ap2acc_parity_00235886993773694390966782803867390819255335,18,1,48,4,4,1,BUDGET,1000000,,,,,14.90
3state2ap2acc_parity_00235886993773694390966782803867390819255335_c,9,1,48,4,4,1,BUDGET,1000000,,,,,10.55
3state2ap2acc_parity_00235886993773694390966782803867390819255335_c,12,1,48,4,4,1,BUDGET,1000000,,,,,10.12
3state2ap2acc_parity_00235886993773694390966782803867390819255335_c,15,1,48,4,4,1,BUDGET,1000000,,,,,10.92
3state2ap2acc_parity_00235886993773694390966782803867390819255335_c,17,1,48,4,4,1,BUDGET,1000000,,,,,11.02
3state2ap2acc_parity_00235886993773694390966782803867390819255335_c,18,1,48,4,4,1,BUDGET,1000000,,,,,15.19
2state2ap2acc_parity_01378938908794225103,13,1,35,3,4,0,BUDGET,1000000,,,,,13.13
2state2ap2acc_parity_01378938908794225103_c,10,1,35,3,4,0,BUDGET,1000000,,,,,14.00
2state2ap2acc_parity_01378938908794225103_c,12,1,35,3,4,0,BUDGET,1000000,,,,,10.34
3state2ap2acc_parity_04917647114524496931224437016019392458668227_c,4,1,31,4,4,1,BUDGET,1000000,,,,,10.46
2state2ap2acc_parity_01378938908794225103_c,13,1,35,3,4,0,BUDGET,1000000,,,,,12.25
3state2ap2acc_parity_01399956150770801415396174150794894962825269,13,1,106,6,4,0,BUDGET,1000000,,,,,10.00
2state2ap2acc_parity_01477560257961134322,4,1,19,3,4,1,BUDGET,1000000,,,,,14.25
3state2ap2acc_parity_01399956150770801415396174150794894962825269,21,1,106,6,4,0,BUDGET,1000000,,,,,11.79
3state2ap2acc_parity_01399956150770801415396174150794894962825269,26,1,106,6,4,0,BUDGET,1000000,,,,,14.18
3state2ap2acc_parity_01399956150770801415396174150794894962825269_c,13,1,106,6,4,0,BUDGET,1000000,,,,,14.66
3state2ap2acc_parity_01399956150770801415396174150794894962825269_c,21,1,106,6,4,0,BUDGET,1000000,,,,,9.08
3state2ap2acc_parity_01399956150770801415396174150794894962825269_c,26,1,106,6,4,0,BUDGET,1000000,,,,,10.18
3state2ap2acc_parity_01407818782812616486848251275154798554567094,5,1,9,1,4,1,CLEAN,560880,,,,,7.12
3state2ap2acc_parity_01407818782812616486848251275154798554567094_c,5,1,9,1,4,1,CLEAN,560880,,,,,7.86
3state2ap2acc_parity_04917647114524496931224437016019392458668227_c,5,1,31,2,4,1,CLEAN,146,,,,,0.00
2state2ap2acc_parity_01477560257961134322,6,1,19,3,4,1,BUDGET,1000000,,,,,11.61
2state2ap1acc_parity_0898814024_c,7,1,16,1,4,1,CLEAN,906162,,,,,11.47
3state2ap2acc_parity_04917647114524496931224437016019392458668227_c,6,1,31,4,4,1,BUDGET,1000000,,,,,10.43
3state2ap2acc_parity_04917647114524496931224437016019392458668227_c,7,1,31,4,4,1,BUDGET,1000000,,,,,15.30
3state2ap2acc_parity_04917647114524496931224437016019392458668227_c,8,1,31,2,4,1,CLEAN,146,,,,,0.00
3state2ap2acc_parity_04917647114524496931224437016019392458668227_c,9,1,31,4,4,1,BUDGET,1000000,,,,,13.12
3state2ap2acc_parity_04929262424724350647584263295970987154818324,10,1,39,4,4,1,BUDGET,1000000,,,,,11.46
3state2ap2acc_parity_04929262424724350647584263295970987154818324,11,1,39,4,4,1,BUDGET,1000000,,,,,8.83
3state2ap2acc_parity_04929262424724350647584263295970987154818324,12,1,39,4,4,1,BUDGET,1000000,,,,,12.81
3state2ap2acc_parity_04929262424724350647584263295970987154818324,13,1,39,4,4,1,BUDGET,1000000,,,,,10.30
3state2ap2acc_parity_01780485004139890192805854219217070000489011_c,18,1,75,5,4,1,BUDGET,1000000,,,,,11.40
3state2ap2acc_parity_04929262424724350647584263295970987154818324_c,10,1,39,4,4,1,BUDGET,1000000,,,,,10.60
3state2ap2acc_parity_04929262424724350647584263295970987154818324_c,11,1,39,4,4,1,BUDGET,1000000,,,,,9.82
3state2ap2acc_parity_04929262424724350647584263295970987154818324_c,12,1,39,4,4,1,BUDGET,1000000,,,,,11.56
3state2ap2acc_parity_04929262424724350647584263295970987154818324_c,13,1,39,4,4,1,BUDGET,1000000,,,,,11.71
3state2ap2acc_parity_05069048157675760480829380967058744692491960,8,1,52,4,4,1,BUDGET,1000000,,,,,15.16
2state2ap2acc_parity_02648063864873096543,13,1,36,3,4,0,BUDGET,1000000,,,,,13.04
3state2ap2acc_parity_05069048157675760480829380967058744692491960,9,1,52,4,4,1,BUDGET,1000000,,,,,10.41
3state2ap2acc_parity_05069048157675760480829380967058744692491960,12,1,52,4,4,1,BUDGET,1000000,,,,,12.55
3state2ap2acc_parity_05069048157675760480829380967058744692491960,14,1,52,4,4,1,BUDGET,1000000,,,,,15.29
3state2ap2acc_parity_05069048157675760480829380967058744692491960_c,8,1,52,4,4,1,BUDGET,1000000,,,,,15.44
3state2ap2acc_parity_01780485004139890192805854219217070000489011_c,19,1,75,5,4,1,BUDGET,1000000,,,,,13.25
3state2ap2acc_parity_05069048157675760480829380967058744692491960_c,9,1,52,4,4,1,BUDGET,1000000,,,,,12.87
3state2ap2acc_parity_05069048157675760480829380967058744692491960_c,12,1,52,4,4,1,BUDGET,1000000,,,,,10.78
2state2ap2acc_parity_02648063864873096543,14,1,36,3,4,0,BUDGET,1000000,,,,,13.51
3state2ap2acc_parity_05069048157675760480829380967058744692491960_c,14,1,52,4,4,1,BUDGET,1000000,,,,,10.56
3state2ap2acc_parity_05132556223071672711510498969415822281216562,10,1,36,3,4,1,BUDGET,1000000,,,,,14.38
3state2ap2acc_parity_05132556223071672711510498969415822281216562,11,1,36,3,4,1,BUDGET,1000000,,,,,10.42
3state2ap2acc_parity_05132556223071672711510498969415822281216562,12,1,36,3,4,1,BUDGET,1000000,,,,,13.04
3state2ap2acc_parity_05132556223071672711510498969415822281216562_c,10,1,36,3,4,1,BUDGET,1000000,,,,,10.71
3state2ap2acc_parity_05132556223071672711510498969415822281216562_c,11,1,36,3,4,1,BUDGET,1000000,,,,,11.20
3state2ap2acc_parity_05132556223071672711510498969415822281216562_c,12,1,36,3,4,1,BUDGET,1000000,,,,,12.31
3state2ap2acc_parity_01780485004139890192805854219217070000489011_c,20,1,75,5,4,1,BUDGET,1000000,,,,,11.34
2state2ap2acc_parity_02648063864873096543_c,8,1,36,3,4,0,BUDGET,1000000,,,,,8.36
3state2ap2acc_parity_05198856095119494211775844835306313719353715,10,1,42,4,4,1,CONFLICT,939,4,1,0,1,0.00
3state2ap2acc_parity_05198856095119494211775844835306313719353715,11,1,42,4,4,1,CONFLICT,6772,6,1,0,1,0.02
3state2ap2acc_parity_05198856095119494211775844835306313719353715,13,1,42,4,4,1,CONFLICT,4318,6,1,0,1,0.01
3state2ap2acc_parity_05198856095119494211775844835306313719353715,14,1,42,4,4,1,CONFLICT,1340,4,1,0,1,0.01
3state2ap2acc_parity_05198856095119494211775844835306313719353715_c,10,1,42,4,4,1,CONFLICT,939,4,1,0,1,0.00
3state2ap2acc_parity_05198856095119494211775844835306313719353715_c,11,1,42,4,4,1,CONFLICT,6772,6,1,0,1,0.04
3state2ap2acc_parity_05198856095119494211775844835306313719353715_c,13,1,42,4,4,1,CONFLICT,4318,6,1,0,1,0.01
3state2ap2acc_parity_05198856095119494211775844835306313719353715_c,14,1,42,4,4,1,CONFLICT,1340,4,1,0,1,0.01
3state2ap2acc_parity_05615960012931639371184168157172584657821148,5,1,63,6,4,1,BUDGET,1000000,,,,,15.05
2state2ap2acc_parity_01477560257961134322_c,6,1,19,3,4,1,BUDGET,1000000,,,,,11.80
3state2ap2acc_parity_05615960012931639371184168157172584657821148,10,1,63,6,4,1,BUDGET,1000000,,,,,12.54
3state2ap2acc_parity_05615960012931639371184168157172584657821148,11,1,63,6,4,1,BUDGET,1000000,,,,,10.47
3state2ap2acc_parity_05615960012931639371184168157172584657821148,14,1,63,6,4,1,BUDGET,1000000,,,,,13.95
3state2ap2acc_parity_05615960012931639371184168157172584657821148,16,1,63,6,4,1,BUDGET,1000000,,,,,13.49
3state2ap2acc_parity_05615960012931639371184168157172584657821148,17,1,63,6,4,1,BUDGET,1000000,,,,,10.54
3state2ap2acc_parity_05615960012931639371184168157172584657821148_c,5,1,63,6,4,1,BUDGET,1000000,,,,,14.82
3state2ap2acc_parity_05615960012931639371184168157172584657821148_c,10,1,63,6,4,1,BUDGET,1000000,,,,,12.83
3state2ap2acc_parity_05615960012931639371184168157172584657821148_c,11,1,63,6,4,1,BUDGET,1000000,,,,,11.93
3state2ap2acc_parity_05615960012931639371184168157172584657821148_c,14,1,63,6,4,1,BUDGET,1000000,,,,,10.92
2state2ap2acc_parity_02648063864873096543_c,13,1,36,3,4,0,BUDGET,1000000,,,,,11.22
3state2ap2acc_parity_01985090630845204495123435068128232802931454,7,1,14,1,3,1,CONFLICT,664,3,1,0,1,0.00
2state2ap1acc_parity_3772037665,7,1,13,1,4,1,CLEAN,906162,,,,,9.80
3state2ap2acc_parity_05615960012931639371184168157172584657821148_c,16,1,63,6,4,1,BUDGET,1000000,,,,,11.49
3state2ap2acc_parity_05615960012931639371184168157172584657821148_c,17,1,63,6,4,1,BUDGET,1000000,,,,,9.73
2state2ap2acc_parity_02648063864873096543_c,14,1,36,3,4,0,BUDGET,1000000,,,,,9.29
2state2ap2acc_parity_02784935455026984028,4,1,17,2,4,1,CONFLICT,454056,4,1,0,1,7.35
3state2ap2acc_parity_05646573337036366002245817291572579953264895,11,1,83,5,4,1,BUDGET,1000000,,,,,7.59
3state2ap2acc_parity_05646573337036366002245817291572579953264895,19,1,83,5,4,1,CONFLICT,1104,6,1,0,1,0.01
3state2ap2acc_parity_05646573337036366002245817291572579953264895,20,1,83,5,4,1,BUDGET,1000000,,,,,7.16
3state2ap2acc_parity_05646573337036366002245817291572579953264895,22,1,83,5,4,1,CONFLICT,2613,6,1,0,1,0.01
3state2ap2acc_parity_05646573337036366002245817291572579953264895,23,1,83,5,4,1,BUDGET,1000000,,,,,9.04
3state2ap2acc_parity_01985090630845204495123435068128232802931454_c,7,1,14,1,3,1,CONFLICT,664,3,1,0,1,0.00
3state2ap2acc_parity_05646573337036366002245817291572579953264895_c,11,1,83,5,4,1,BUDGET,1000000,,,,,10.63
3state2ap2acc_parity_05646573337036366002245817291572579953264895_c,19,1,83,5,4,1,CONFLICT,1104,6,1,0,1,0.01
3state2ap2acc_parity_05646573337036366002245817291572579953264895_c,20,1,83,5,4,1,BUDGET,1000000,,,,,10.97
3state2ap2acc_parity_05646573337036366002245817291572579953264895_c,22,1,83,5,4,1,CONFLICT,2613,6,1,0,1,0.02
3state2ap2acc_parity_05646573337036366002245817291572579953264895_c,23,1,83,5,4,1,BUDGET,1000000,,,,,7.96
3state2ap2acc_parity_05771703111055596764125633657253980993938469,14,1,81,5,4,0,BUDGET,1000000,,,,,11.79
3state2ap2acc_parity_05771703111055596764125633657253980993938469,16,1,81,5,4,0,BUDGET,1000000,,,,,8.81
3state2ap2acc_parity_05771703111055596764125633657253980993938469,17,1,81,2,4,0,CLEAN,180,,,,,0.00
3state2ap2acc_parity_05771703111055596764125633657253980993938469,19,1,81,5,4,0,BUDGET,1000000,,,,,13.55
3state2ap2acc_parity_05771703111055596764125633657253980993938469,20,1,81,2,4,0,CLEAN,180,,,,,0.00
3state2ap2acc_parity_02791127200709611081342718726845015122588562,8,1,49,5,4,0,BUDGET,1000000,,,,,10.75
3state2ap2acc_parity_05771703111055596764125633657253980993938469,22,1,81,2,4,0,CLEAN,180,,,,,0.00
2state2ap2acc_parity_02784935455026984028,7,1,17,2,4,1,CONFLICT,454282,4,1,0,1,5.09
3state2ap2acc_parity_05771703111055596764125633657253980993938469_c,14,1,81,5,4,0,BUDGET,1000000,,,,,9.56
3state2ap2acc_parity_05771703111055596764125633657253980993938469_c,16,1,81,5,4,0,BUDGET,1000000,,,,,8.54
3state2ap2acc_parity_05771703111055596764125633657253980993938469_c,17,1,81,2,4,0,CLEAN,180,,,,,0.00
3state2ap2acc_parity_05771703111055596764125633657253980993938469_c,19,1,81,5,4,0,BUDGET,1000000,,,,,11.77
3state2ap2acc_parity_05771703111055596764125633657253980993938469_c,20,1,81,2,4,0,CLEAN,180,,,,,0.00
3state2ap2acc_parity_05771703111055596764125633657253980993938469_c,22,1,81,2,4,0,CLEAN,180,,,,,0.00
3state2ap2acc_parity_05793068689544573584672873764112183559167166,5,1,24,3,4,1,BUDGET,1000000,,,,,10.28
2state2ap2acc_parity_02784935455026984028_c,4,1,17,2,4,1,CONFLICT,454056,4,1,0,1,7.18
3state2ap2acc_parity_02791127200709611081342718726845015122588562,10,1,49,5,4,0,BUDGET,1000000,,,,,14.88
3state2ap2acc_parity_05793068689544573584672873764112183559167166,6,1,24,3,4,1,BUDGET,1000000,,,,,9.39
3state2ap2acc_parity_05793068689544573584672873764112183559167166,8,1,24,3,4,1,BUDGET,1000000,,,,,9.34
3state2ap2acc_parity_05793068689544573584672873764112183559167166_c,5,1,24,3,4,1,BUDGET,1000000,,,,,10.19
3state2ap2acc_parity_05793068689544573584672873764112183559167166_c,6,1,24,3,4,1,BUDGET,1000000,,,,,14.24
3state2ap2acc_parity_05793068689544573584672873764112183559167166_c,8,1,24,3,4,1,BUDGET,1000000,,,,,9.99
3state2ap2acc_parity_06159861430659382172806574419318109950313840,6,1,56,5,4,1,BUDGET,1000000,,,,,10.83
3state2ap2acc_parity_06159861430659382172806574419318109950313840,7,1,56,3,4,1,CLEAN,423,,,,,0.00
3state2ap2acc_parity_06159861430659382172806574419318109950313840,8,1,56,5,4,1,BUDGET,1000000,,,,,16.37
3state2ap2acc_parity_06159861430659382172806574419318109950313840,9,1,56,5,4,1,BUDGET,1000000,,,,,15.88
3state2ap2acc_parity_06159861430659382172806574419318109950313840,10,1,56,3,4,1,CLEAN,423,,,,,0.00
3state2ap2acc_parity_02791127200709611081342718726845015122588562,12,1,49,5,4,0,BUDGET,1000000,,,,,9.09
3state2ap2acc_parity_06159861430659382172806574419318109950313840,11,1,56,3,4,1,CLEAN,423,,,,,0.00
3state2ap2acc_parity_06159861430659382172806574419318109950313840,12,1,56,5,4,1,BUDGET,1000000,,,,,10.72
3state2ap2acc_parity_06159861430659382172806574419318109950313840,13,1,56,3,4,1,CLEAN,423,,,,,0.00
3state2ap2acc_parity_06159861430659382172806574419318109950313840,14,1,56,5,4,1,BUDGET,1000000,,,,,15.82
3state2ap2acc_parity_06159861430659382172806574419318109950313840_c,6,1,56,5,4,1,BUDGET,1000000,,,,,10.42
3state2ap2acc_parity_06159861430659382172806574419318109950313840_c,7,1,56,3,4,1,CLEAN,423,,,,,0.00
3state2ap2acc_parity_06159861430659382172806574419318109950313840_c,8,1,56,5,4,1,BUDGET,1000000,,,,,15.62
3state2ap2acc_parity_06159861430659382172806574419318109950313840_c,9,1,56,5,4,1,BUDGET,1000000,,,,,10.68
3state2ap2acc_parity_06159861430659382172806574419318109950313840_c,10,1,56,3,4,1,CLEAN,423,,,,,0.00
3state2ap2acc_parity_06159861430659382172806574419318109950313840_c,11,1,56,3,4,1,CLEAN,423,,,,,0.00
3state2ap2acc_parity_02791127200709611081342718726845015122588562,14,1,49,5,4,0,BUDGET,1000000,,,,,10.82
2state2ap2acc_parity_01477560257961134322,7,1,19,3,4,1,BUDGET,1000000,,,,,11.57
3state2ap2acc_parity_06159861430659382172806574419318109950313840_c,12,1,56,5,4,1,BUDGET,1000000,,,,,15.75
3state2ap2acc_parity_06159861430659382172806574419318109950313840_c,13,1,56,3,4,1,CLEAN,423,,,,,0.00
3state2ap2acc_parity_06159861430659382172806574419318109950313840_c,14,1,56,5,4,1,BUDGET,1000000,,,,,11.00
3state2ap2acc_parity_06225824417246472154322402345598539043475660,2,1,16,3,4,1,BUDGET,1000000,,,,,12.59
3state2ap2acc_parity_06225824417246472154322402345598539043475660,4,1,16,1,4,1,CLEAN,35,,,,,0.00
3state2ap2acc_parity_06225824417246472154322402345598539043475660,5,1,16,3,4,1,BUDGET,1000000,,,,,11.18
3state2ap2acc_parity_06225824417246472154322402345598539043475660,6,1,16,3,4,1,BUDGET,1000000,,,,,15.14
3state2ap2acc_parity_06225824417246472154322402345598539043475660_c,2,1,16,3,4,1,BUDGET,1000000,,,,,11.13
2state2ap2acc_parity_02784935455026984028_c,7,1,17,2,4,1,CONFLICT,454282,4,1,0,1,4.98
3state2ap2acc_parity_06225824417246472154322402345598539043475660_c,4,1,16,1,4,1,CLEAN,35,,,,,0.00
3state2ap2acc_parity_02791127200709611081342718726845015122588562_c,8,1,49,5,4,0,BUDGET,1000000,,,,,13.80
3state2ap2acc_parity_06225824417246472154322402345598539043475660_c,5,1,16,3,4,1,BUDGET,1000000,,,,,12.25
3state2ap2acc_parity_06225824417246472154322402345598539043475660_c,6,1,16,3,4,1,BUDGET,1000000,,,,,11.39
2state2ap2acc_parity_03089857006815921569,4,1,17,3,4,1,BUDGET,1000000,,,,,14.67
2state2ap1acc_parity_3772037665_c,5,1,13,1,4,1,CLEAN,906162,,,,,9.28
3state2ap2acc_parity_06970687283311618738328471121371768999737317,10,1,59,4,4,1,BUDGET,1000000,,,,,10.42
3state2ap2acc_parity_06970687283311618738328471121371768999737317,12,1,59,4,4,1,BUDGET,1000000,,,,,14.77
2state2ap2acc_parity_03089857006815921569,5,1,17,3,4,1,BUDGET,1000000,,,,,15.38
3state2ap2acc_parity_06970687283311618738328471121371768999737317,14,1,59,4,4,1,BUDGET,1000000,,,,,11.88
3state2ap2acc_parity_06970687283311618738328471121371768999737317,15,1,59,2,4,1,CONFLICT,20,4,1,0,1,0.00
3state2ap2acc_parity_06970687283311618738328471121371768999737317,16,1,59,4,4,1,BUDGET,1000000,,,,,12.48
3state2ap2acc_parity_02791127200709611081342718726845015122588562_c,10,1,49,5,4,0,BUDGET,1000000,,,,,14.80
3state2ap2acc_parity_06970687283311618738328471121371768999737317_c,10,1,59,4,4,1,BUDGET,1000000,,,,,10.36
3state2ap2acc_parity_06970687283311618738328471121371768999737317_c,12,1,59,4,4,1,BUDGET,1000000,,,,,10.20
3state2ap2acc_parity_06970687283311618738328471121371768999737317_c,14,1,59,4,4,1,BUDGET,1000000,,,,,15.16
3state2ap2acc_parity_06970687283311618738328471121371768999737317_c,15,1,59,2,4,1,CONFLICT,20,4,1,0,1,0.00
3state2ap2acc_parity_06970687283311618738328471121371768999737317_c,16,1,59,4,4,1,BUDGET,1000000,,,,,10.57
3state2ap2acc_parity_07369901072403646538784427438789147433138092,8,1,32,3,4,1,BUDGET,1000000,,,,,10.47
3state2ap2acc_parity_07369901072403646538784427438789147433138092,9,1,32,3,4,1,BUDGET,1000000,,,,,14.88
3state2ap2acc_parity_07369901072403646538784427438789147433138092,10,1,32,3,4,1,BUDGET,1000000,,,,,13.33
3state2ap2acc_parity_07369901072403646538784427438789147433138092_c,8,1,32,3,4,1,BUDGET,1000000,,,,,12.96
3state2ap2acc_parity_07369901072403646538784427438789147433138092_c,9,1,32,3,4,1,BUDGET,1000000,,,,,12.66
2state2ap2acc_parity_01477560257961134322_c,7,1,19,3,4,1,BUDGET,1000000,,,,,16.34
3state2ap2acc_parity_07369901072403646538784427438789147433138092_c,10,1,32,3,4,1,BUDGET,1000000,,,,,10.86
3state2ap2acc_parity_07488285081931376926346461062896021585982101,7,1,14,1,3,1,CONFLICT,113,3,1,0,1,0.00
3state2ap2acc_parity_07488285081931376926346461062896021585982101_c,7,1,14,1,3,1,CONFLICT,113,3,1,0,1,0.00
3state2ap2acc_parity_07501615681311615326456196240639721047872892,8,1,32,3,4,1,BUDGET,1000000,,,,,12.10
3state2ap2acc_parity_07501615681311615326456196240639721047872892,9,1,32,3,4,1,BUDGET,1000000,,,,,10.75
3state2ap2acc_parity_07501615681311615326456196240639721047872892,10,1,32,3,4,1,BUDGET,1000000,,,,,15.19
3state2ap2acc_parity_07501615681311615326456196240639721047872892_c,8,1,32,3,4,1,BUDGET,1000000,,,,,10.41
2state2ap2acc_parity_03089857006815921569,7,1,17,3,4,1,BUDGET,1000000,,,,,10.32
3state2ap2acc_parity_07501615681311615326456196240639721047872892_c,9,1,32,3,4,1,BUDGET,1000000,,,,,13.06
3state2ap2acc_parity_07501615681311615326456196240639721047872892_c,10,1,32,3,4,1,BUDGET,1000000,,,,,10.88
3state2ap2acc_parity_02791127200709611081342718726845015122588562_c,12,1,49,5,4,0,BUDGET,1000000,,,,,12.37
2state2ap2acc_parity_03089857006815921569_c,4,1,17,3,4,1,BUDGET,1000000,,,,,10.72
3state2ap2acc_parity_08047084544727828977737254914335587869492252,12,1,48,3,4,1,CONFLICT,1582,5,1,0,1,0.01
3state2ap2acc_parity_08047084544727828977737254914335587869492252,14,1,48,3,4,1,CONFLICT,2315,5,1,0,1,0.02
3state2ap2acc_parity_08047084544727828977737254914335587869492252,16,1,48,3,4,1,CONFLICT,2316,5,1,0,1,0.01
2state2ap2acc_parity_03089857006815921569_c,5,1,17,3,4,1,BUDGET,1000000,,,,,10.46
3state2ap2acc_parity_08047084544727828977737254914335587869492252_c,12,1,48,3,4,1,CONFLICT,1582,5,1,0,1,0.01
3state2ap2acc_parity_08047084544727828977737254914335587869492252_c,14,1,48,3,4,1,CONFLICT,2315,5,1,0,1,0.01
3state2ap2acc_parity_08047084544727828977737254914335587869492252_c,16,1,48,3,4,1,CONFLICT,2316,5,1,0,1,0.01
3state2ap2acc_parity_08052782858339911781905075859761354321790171,11,1,54,3,4,1,CONFLICT,10196,7,1,0,1,0.05
3state2ap2acc_parity_08052782858339911781905075859761354321790171,15,1,54,3,4,1,CONFLICT,11689,7,1,0,1,0.06
3state2ap2acc_parity_02791127200709611081342718726845015122588562_c,14,1,49,5,4,0,BUDGET,1000000,,,,,15.09
3state2ap2acc_parity_08052782858339911781905075859761354321790171,17,1,54,3,4,1,CONFLICT,12314,7,1,0,1,0.10
3state2ap2acc_parity_08052782858339911781905075859761354321790171_c,11,1,54,3,4,1,CONFLICT,10196,7,1,0,1,0.05
3state2ap2acc_parity_08052782858339911781905075859761354321790171_c,15,1,54,3,4,1,CONFLICT,11689,7,1,0,1,0.05
3state2ap2acc_parity_08052782858339911781905075859761354321790171_c,17,1,54,3,4,1,CONFLICT,12314,7,1,0,1,0.06
3state2ap2acc_parity_08740355406130659847866163342267046479471396,12,1,67,5,4,1,BUDGET,1000000,,,,,13.99
3state2ap2acc_parity_08740355406130659847866163342267046479471396,15,1,67,5,4,1,BUDGET,1000000,,,,,13.42
3state2ap2acc_parity_08740355406130659847866163342267046479471396,19,1,67,5,4,1,BUDGET,1000000,,,,,15.32
2state2ap2acc_parity_03089857006815921569_c,7,1,17,3,4,1,BUDGET,1000000,,,,,12.84
3state2ap2acc_parity_08740355406130659847866163342267046479471396,20,1,67,5,4,1,BUDGET,1000000,,,,,11.45
3state2ap2acc_parity_08740355406130659847866163342267046479471396_c,12,1,67,5,4,1,BUDGET,1000000,,,,,10.61
3state2ap2acc_parity_02962600147653635554458786091040961270417802,11,1,65,5,4,1,BUDGET,1000000,,,,,11.72
3state2ap2acc_parity_08740355406130659847866163342267046479471396_c,15,1,67,5,4,1,BUDGET,1000000,,,,,11.80
3state2ap2acc_parity_08740355406130659847866163342267046479471396_c,19,1,67,5,4,1,BUDGET,1000000,,,,,10.32
3state2ap2acc_parity_08740355406130659847866163342267046479471396_c,20,1,67,5,4,1,BUDGET,1000000,,,,,10.28
2state2ap2acc_parity_03498901325726090611,11,1,31,3,4,0,CONFLICT,368,5,1,0,1,0.00
2state2ap2acc_parity_03498901325726090611,13,1,31,3,4,0,CONFLICT,687,5,1,0,1,0.00
2state2ap2acc_parity_03498901325726090611,14,1,31,3,4,0,CONFLICT,598,5,1,0,1,0.00
2state2ap1acc_parity_3772037665_c,7,1,13,1,4,1,CLEAN,906162,,,,,13.07
2state2ap2acc_parity_03498901325726090611_c,11,1,31,3,4,0,CONFLICT,368,5,1,0,1,0.00
2state2ap2acc_parity_03498901325726090611_c,13,1,31,3,4,0,CONFLICT,687,5,1,0,1,0.00
3state2ap2acc_parity_09049543896507004851437886576016916477206973,5,1,34,4,4,1,BUDGET,1000000,,,,,13.91
3state2ap2acc_parity_02962600147653635554458786091040961270417802,12,1,65,5,4,1,BUDGET,1000000,,,,,9.56
2state2ap2acc_parity_03498901325726090611_c,14,1,31,3,4,0,CONFLICT,598,5,1,0,1,0.00
3state2ap2acc_parity_09049543896507004851437886576016916477206973,10,1,34,4,4,1,BUDGET,1000000,,,,,13.53
3state2ap2acc_parity_09049543896507004851437886576016916477206973,11,1,34,4,4,1,BUDGET,1000000,,,,,14.12
3state2ap2acc_parity_09049543896507004851437886576016916477206973,12,1,34,4,4,1,BUDGET,1000000,,,,,13.94
3state2ap2acc_parity_09049543896507004851437886576016916477206973_c,5,1,34,4,4,1,BUDGET,1000000,,,,,11.04
3state2ap2acc_parity_09049543896507004851437886576016916477206973_c,10,1,34,4,4,1,BUDGET,1000000,,,,,10.02
3state2ap2acc_parity_09049543896507004851437886576016916477206973_c,11,1,34,4,4,1,BUDGET,1000000,,,,,11.82
3state2ap2acc_parity_09049543896507004851437886576016916477206973_c,12,1,34,4,4,1,BUDGET,1000000,,,,,9.74
3state2ap2acc_parity_09760660111816112449285967211041404560999318,9,1,50,4,4,0,BUDGET,1000000,,,,,7.45
2state2ap2acc_parity_03598501441036968601,7,1,32,3,4,1,BUDGET,1000000,,,,,15.92
3state2ap2acc_parity_02962600147653635554458786091040961270417802,15,1,65,5,4,1,BUDGET,1000000,,,,,12.97
3state2ap2acc_parity_09760660111816112449285967211041404560999318,10,1,50,4,4,0,BUDGET,1000000,,,,,7.48
3state2ap2acc_parity_09760660111816112449285967211041404560999318,11,1,50,4,4,0,BUDGET,1000000,,,,,10.18
3state2ap2acc_parity_09760660111816112449285967211041404560999318,12,1,50,2,4,0,CLEAN,824,,,,,0.00
3state2ap2acc_parity_09760660111816112449285967211041404560999318,13,1,50,4,4,0,BUDGET,1000000,,,,,8.30
3state2ap2acc_parity_09760660111816112449285967211041404560999318_c,9,1,50,4,4,0,BUDGET,1000000,,,,,7.03
3state2ap2acc_parity_09760660111816112449285967211041404560999318_c,10,1,50,4,4,0,BUDGET,1000000,,,,,7.09
3state2ap2acc_parity_09760660111816112449285967211041404560999318_c,11,1,50,4,4,0,BUDGET,1000000,,,,,8.24
3state2ap2acc_parity_09760660111816112449285967211041404560999318_c,12,1,50,2,4,0,CLEAN,824,,,,,0.00
3state2ap2acc_parity_09760660111816112449285967211041404560999318_c,13,1,50,4,4,0,BUDGET,1000000,,,,,8.22
3state2ap2acc_parity_10242932816699746367374054096177816109435269,10,1,36,4,4,1,BUDGET,1000000,,,,,9.81
3state2ap2acc_parity_02962600147653635554458786091040961270417802,16,1,65,5,4,1,BUDGET,1000000,,,,,8.73
2state2ap2acc_parity_03598501441036968601,8,1,32,3,4,1,BUDGET,1000000,,,,,12.20
3state2ap2acc_parity_10242932816699746367374054096177816109435269,11,1,36,4,4,1,BUDGET,1000000,,,,,9.75
3state2ap2acc_parity_10242932816699746367374054096177816109435269,15,1,36,4,4,1,BUDGET,1000000,,,,,8.22
3state2ap2acc_parity_10242932816699746367374054096177816109435269,16,1,36,4,4,1,BUDGET,1000000,,,,,11.61
3state2ap2acc_parity_10242932816699746367374054096177816109435269_c,10,1,36,4,4,1,BUDGET,1000000,,,,,9.97
3state2ap2acc_parity_10242932816699746367374054096177816109435269_c,11,1,36,4,4,1,BUDGET,1000000,,,,,10.22
3state2ap2acc_parity_10242932816699746367374054096177816109435269_c,15,1,36,4,4,1,BUDGET,1000000,,,,,11.32
3state2ap2acc_parity_10242932816699746367374054096177816109435269_c,16,1,36,4,4,1,BUDGET,1000000,,,,,11.36
3state2ap2acc_parity_10310622320608854909415558959226979618530038,8,1,29,3,4,1,CONFLICT,404,4,1,0,1,0.00
3state2ap2acc_parity_10310622320608854909415558959226979618530038,9,1,29,3,4,1,CONFLICT,727,4,1,0,1,0.00
3state2ap2acc_parity_02962600147653635554458786091040961270417802,17,1,65,5,4,1,BUDGET,1000000,,,,,13.13
2state2ap2acc_parity_01477560257961134322_c,4,1,19,3,4,1,BUDGET,1000000,,,,,11.01
3state2ap2acc_parity_10310622320608854909415558959226979618530038,10,1,29,3,4,1,CONFLICT,778,4,1,0,1,0.00
3state2ap2acc_parity_10310622320608854909415558959226979618530038_c,8,1,29,3,4,1,CONFLICT,404,4,1,0,1,0.00
3state2ap2acc_parity_10310622320608854909415558959226979618530038_c,9,1,29,3,4,1,CONFLICT,727,4,1,0,1,0.00
3state2ap2acc_parity_10310622320608854909415558959226979618530038_c,10,1,29,3,4,1,CONFLICT,778,4,1,0,1,0.01
2state2ap2acc_parity_03598501441036968601,10,1,32,3,4,1,BUDGET,1000000,,,,,13.63
2state2ap2acc_parity_03598501441036968601_c,7,1,32,3,4,1,BUDGET,1000000,,,,,15.98
3state2ap2acc_parity_11196651764472471764951575104421032493189434,7,1,52,5,4,1,BUDGET,1000000,,,,,10.85
3state2ap2acc_parity_11196651764472471764951575104421032493189434,8,1,52,5,4,1,BUDGET,1000000,,,,,10.72
3state2ap2acc_parity_11196651764472471764951575104421032493189434,11,1,52,5,4,1,BUDGET,1000000,,,,,10.65
3state2ap2acc_parity_11196651764472471764951575104421032493189434,12,1,52,2,4,1,CLEAN,146,,,,,0.00
3state2ap2acc_parity_02962600147653635554458786091040961270417802_c,11,1,65,5,4,1,BUDGET,1000000,,,,,15.38
3state2ap2acc_parity_11196651764472471764951575104421032493189434,15,1,52,5,4,1,BUDGET,1000000,,,,,14.02
3state2ap2acc_parity_11196651764472471764951575104421032493189434,16,1,52,5,4,1,BUDGET,1000000,,,,,12.95
3state2ap2acc_parity_11196651764472471764951575104421032493189434_c,7,1,52,5,4,1,BUDGET,1000000,,,,,11.06
3state2ap2acc_parity_11196651764472471764951575104421032493189434_c,8,1,52,5,4,1,BUDGET,1000000,,,,,15.06
3state2ap2acc_parity_11196651764472471764951575104421032493189434_c,11,1,52,5,4,1,BUDGET,1000000,,,,,10.66
3state2ap2acc_parity_11196651764472471764951575104421032493189434_c,12,1,52,2,4,1,CLEAN,146,,,,,0.00
2state2ap2acc_parity_03598501441036968601_c,8,1,32,3,4,1,BUDGET,1000000,,,,,11.32
3state2ap2acc_parity_11196651764472471764951575104421032493189434_c,15,1,52,5,4,1,BUDGET,1000000,,,,,10.37
3state2ap2acc_parity_11196651764472471764951575104421032493189434_c,16,1,52,5,4,1,BUDGET,1000000,,,,,11.92
3state2ap2acc_parity_11212325830812498350632114338631576633033320,16,1,144,3,4,1,CONFLICT,97,6,1,0,1,0.00
2state2ap2acc_parity_01863874747393295720,12,1,26,2,4,1,CONFLICT,1124,5,1,0,1,0.01
2state2ap2acc_parity_00070780542479492635,9,1,28,3,4,0,BUDGET,1000000,,,,,13.19
3state2ap2acc_parity_11212325830812498350632114338631576633033320,27,1,144,3,4,1,CONFLICT,95,6,1,0,1,0.00
3state2ap2acc_parity_11212325830812498350632114338631576633033320,28,1,144,3,4,1,CONFLICT,95,6,1,0,1,0.00
2state2ap2acc_parity_03598501441036968601_c,10,1,32,3,4,1,BUDGET,1000000,,,,,15.06
3state2ap2acc_parity_11212325830812498350632114338631576633033320_c,16,1,144,3,4,1,CONFLICT,97,6,1,0,1,0.00
3state2ap2acc_parity_11212325830812498350632114338631576633033320_c,27,1,144,3,4,1,CONFLICT,95,6,1,0,1,0.00
3state2ap2acc_parity_11212325830812498350632114338631576633033320_c,28,1,144,3,4,1,CONFLICT,95,6,1,0,1,0.00
2state2ap2acc_parity_03965744933853960312,6,1,18,3,4,1,BUDGET,1000000,,,,,10.35
3state2ap2acc_parity_11216132919718599426484354168135068180600985,13,1,58,4,4,1,BUDGET,1000000,,,,,10.98
3state2ap2acc_parity_11216132919718599426484354168135068180600985,15,1,58,4,4,1,BUDGET,1000000,,,,,10.33
3state2ap2acc_parity_02962600147653635554458786091040961270417802_c,12,1,65,5,4,1,BUDGET,1000000,,,,,10.27
3state2ap2acc_parity_11216132919718599426484354168135068180600985,16,1,58,4,4,1,BUDGET,1000000,,,,,12.06
3state2ap2acc_parity_11216132919718599426484354168135068180600985,20,1,58,4,4,1,BUDGET,1000000,,,,,11.10
3state2ap2acc_parity_11216132919718599426484354168135068180600985,21,1,58,4,4,1,BUDGET,1000000,,,,,11.23
3state2ap2acc_parity_11216132919718599426484354168135068180600985_c,13,1,58,4,4,1,BUDGET,1000000,,,,,10.56
3state2ap2acc_parity_11216132919718599426484354168135068180600985_c,15,1,58,4,4,1,BUDGET,1000000,,,,,10.06
3state2ap2acc_parity_11216132919718599426484354168135068180600985_c,16,1,58,4,4,1,BUDGET,1000000,,,,,10.62
2state2ap2acc_parity_03965744933853960312,7,1,18,3,4,1,BUDGET,1000000,,,,,14.24
3state2ap2acc_parity_11216132919718599426484354168135068180600985_c,20,1,58,4,4,1,BUDGET,1000000,,,,,12.13
3state2ap2acc_parity_11216132919718599426484354168135068180600985_c,21,1,58,4,4,1,BUDGET,1000000,,,,,9.97
2state2ap2acc_parity_03965744933853960312,8,1,18,3,4,1,BUDGET,1000000,,,,,13.59
3state2ap2acc_parity_02962600147653635554458786091040961270417802_c,15,1,65,5,4,1,BUDGET,1000000,,,,,11.91
2state2ap2acc_parity_03965744933853960312_c,6,1,18,3,4,1,BUDGET,1000000,,,,,10.02
3state2ap2acc_parity_11324279776977852462179787958934211844653225,15,1,87,5,4,1,BUDGET,1000000,,,,,12.44
3state2ap2acc_parity_11324279776977852462179787958934211844653225,16,1,87,5,4,1,BUDGET,1000000,,,,,11.11
3state2ap2acc_parity_11324279776977852462179787958934211844653225,19,1,87,5,4,1,BUDGET,1000000,,,,,11.21
3state2ap2acc_parity_11324279776977852462179787958934211844653225,20,1,87,5,4,1,BUDGET,1000000,,,,,10.79
3state2ap2acc_parity_11324279776977852462179787958934211844653225,22,1,87,5,4,1,BUDGET,1000000,,,,,12.34
3state2ap2acc_parity_11324279776977852462179787958934211844653225,23,1,87,5,4,1,BUDGET,1000000,,,,,8.16
3state2ap2acc_parity_11324279776977852462179787958934211844653225_c,15,1,87,5,4,1,BUDGET,1000000,,,,,11.11
3state2ap2acc_parity_11324279776977852462179787958934211844653225_c,16,1,87,5,4,1,BUDGET,1000000,,,,,15.69
2state2ap2acc_parity_03965744933853960312_c,7,1,18,3,4,1,BUDGET,1000000,,,,,12.08
3state2ap2acc_parity_02962600147653635554458786091040961270417802_c,16,1,65,5,4,1,BUDGET,1000000,,,,,8.46
3state2ap2acc_parity_11324279776977852462179787958934211844653225_c,19,1,87,5,4,1,BUDGET,1000000,,,,,16.44
3state2ap2acc_parity_11324279776977852462179787958934211844653225_c,20,1,87,5,4,1,BUDGET,1000000,,,,,8.67
3state2ap2acc_parity_11324279776977852462179787958934211844653225_c,22,1,87,5,4,1,BUDGET,1000000,,,,,17.09
3state2ap2acc_parity_11324279776977852462179787958934211844653225_c,23,1,87,5,4,1,BUDGET,1000000,,,,,9.77
3state2ap2acc_parity_11352125598174738554908919375056653404965564,13,1,64,5,4,0,BUDGET,1000000,,,,,15.36
3state2ap2acc_parity_11352125598174738554908919375056653404965564,14,1,64,5,4,0,BUDGET,1000000,,,,,10.74
3state2ap2acc_parity_11352125598174738554908919375056653404965564,16,1,64,5,4,0,BUDGET,1000000,,,,,11.09
3state2ap2acc_parity_11352125598174738554908919375056653404965564,20,1,64,5,4,0,BUDGET,1000000,,,,,11.89
3state2ap2acc_parity_11352125598174738554908919375056653404965564,21,1,64,5,4,0,BUDGET,1000000,,,,,10.32
2state2ap2acc_parity_03965744933853960312_c,8,1,18,3,4,1,BUDGET,1000000,,,,,9.96
3state2ap2acc_parity_02962600147653635554458786091040961270417802_c,17,1,65,5,4,1,BUDGET,1000000,,,,,10.85
3state2ap2acc_parity_11352125598174738554908919375056653404965564_c,13,1,64,5,4,0,BUDGET,1000000,,,,,10.50
3state2ap2acc_parity_11352125598174738554908919375056653404965564_c,14,1,64,5,4,0,BUDGET,1000000,,,,,10.93
3state2ap2acc_parity_11352125598174738554908919375056653404965564_c,16,1,64,5,4,0,BUDGET,1000000,,,,,14.07
3state2ap2acc_parity_11352125598174738554908919375056653404965564_c,20,1,64,5,4,0,BUDGET,1000000,,,,,12.48
3state2ap2acc_parity_11352125598174738554908919375056653404965564_c,21,1,64,5,4,0,BUDGET,1000000,,,,,10.37
3state2ap2acc_parity_11909761371148414602740853507658891985426359,9,1,59,5,4,1,BUDGET,1000000,,,,,11.33
3state2ap2acc_parity_11909761371148414602740853507658891985426359,12,1,59,5,4,1,BUDGET,1000000,,,,,10.13
2state2ap2acc_parity_04105050987715609315,6,1,23,3,4,1,CONFLICT,283,5,1,0,1,0.00
3state2ap2acc_parity_11909761371148414602740853507658891985426359,15,1,59,5,4,1,BUDGET,1000000,,,,,11.51
3state2ap2acc_parity_11909761371148414602740853507658891985426359,18,1,59,5,4,1,BUDGET,1000000,,,,,11.30
2state2ap2acc_parity_01863874747393295720,14,1,26,2,4,1,CONFLICT,744,5,1,0,1,0.00
3state2ap2acc_parity_11909761371148414602740853507658891985426359,19,1,59,5,4,1,BUDGET,1000000,,,,,10.80
3state2ap2acc_parity_11909761371148414602740853507658891985426359_c,9,1,59,5,4,1,BUDGET,1000000,,,,,10.97
3state2ap2acc_parity_11909761371148414602740853507658891985426359_c,12,1,59,5,4,1,BUDGET,1000000,,,,,10.65
2state2ap2acc_parity_04105050987715609315,7,1,23,3,4,1,CONFLICT,318,5,1,0,1,0.00
3state2ap2acc_parity_11909761371148414602740853507658891985426359_c,15,1,59,5,4,1,BUDGET,1000000,,,,,11.28
3state2ap2acc_parity_11909761371148414602740853507658891985426359_c,18,1,59,5,4,1,BUDGET,1000000,,,,,10.93
3state2ap2acc_parity_11909761371148414602740853507658891985426359_c,19,1,59,5,4,1,BUDGET,1000000,,,,,10.70
2state2ap2acc_parity_00070780542479492635,10,1,28,3,4,0,BUDGET,1000000,,,,,9.77
2state2ap2acc_parity_04105050987715609315,9,1,23,3,4,1,CONFLICT,398,5,1,0,1,0.00
2state2ap2acc_parity_04105050987715609315_c,6,1,23,3,4,1,CONFLICT,283,5,1,0,1,0.00
3state2ap2acc_parity_03482195632060633420120722351180726207960086,7,1,40,4,4,1,CONFLICT,108,3,1,0,1,0.00
3state2ap2acc_parity_12608977166938778889215538936066534165356855,9,1,22,1,4,1,CONFLICT,269,4,1,0,1,0.00
3state2ap2acc_parity_12608977166938778889215538936066534165356855_c,9,1,22,1,4,1,CONFLICT,269,4,1,0,1,0.00
2state2ap2acc_parity_04105050987715609315_c,7,1,23,3,4,1,CONFLICT,318,5,1,0,1,0.00
2state2ap2acc_parity_04105050987715609315_c,9,1,23,3,4,1,CONFLICT,398,5,1,0,1,0.00
2state2ap2acc_parity_04630318344642327802,7,1,21,2,4,1,CONFLICT,90,3,1,0,1,0.00
2state2ap2acc_parity_04630318344642327802_c,7,1,21,2,4,1,CONFLICT,90,3,1,0,1,0.00
2state2ap2acc_parity_04727523500524286007,7,1,12,1,4,1,CLEAN,561057,,,,,5.34
3state2ap2acc_parity_13754346666281050483851073374586511655018863,4,1,29,4,4,1,CONFLICT,280,3,1,0,1,0.00
2state2ap2acc_parity_04727523500524286007_c,7,1,12,1,4,1,CLEAN,561057,,,,,8.04
3state2ap2acc_parity_13754346666281050483851073374586511655018863,6,1,29,4,4,1,CONFLICT,280,3,1,0,1,0.00
3state2ap2acc_parity_03482195632060633420120722351180726207960086,13,1,40,4,4,1,CONFLICT,216,3,1,0,1,0.00
3state2ap2acc_parity_13754346666281050483851073374586511655018863,7,1,29,4,4,1,CONFLICT,280,3,1,0,1,0.00
3state2ap2acc_parity_13754346666281050483851073374586511655018863,8,1,29,1,4,1,CONFLICT,27,3,1,0,1,0.00
3state2ap2acc_parity_13754346666281050483851073374586511655018863,9,1,29,4,4,1,CONFLICT,337,3,1,0,1,0.00
3state2ap2acc_parity_13754346666281050483851073374586511655018863_c,4,1,29,4,4,1,CONFLICT,280,3,1,0,1,0.00
3state2ap2acc_parity_13754346666281050483851073374586511655018863_c,6,1,29,4,4,1,CONFLICT,280,3,1,0,1,0.00
3state2ap2acc_parity_13754346666281050483851073374586511655018863_c,7,1,29,4,4,1,CONFLICT,280,3,1,0,1,0.00
3state2ap2acc_parity_13754346666281050483851073374586511655018863_c,8,1,29,1,4,1,CONFLICT,27,3,1,0,1,0.00
3state2ap2acc_parity_13754346666281050483851073374586511655018863_c,9,1,29,4,4,1,CONFLICT,337,3,1,0,1,0.00
3state2ap2acc_parity_13939502589461611420085347157425136244122969,7,1,14,1,3,1,CONFLICT,113,3,1,0,1,0.00
2state2ap2acc_parity_04923003682195726666,6,1,9,1,4,1,CLEAN,531007,,,,,7.73
3state2ap2acc_parity_03482195632060633420120722351180726207960086,14,1,40,4,4,1,CONFLICT,81,3,1,0,1,0.00
3state2ap2acc_parity_01780485004139890192805854219217070000489011,14,1,75,5,4,1,BUDGET,1000000,,,,,11.07
2state2ap2acc_parity_00070780542479492635,11,1,28,3,4,0,BUDGET,1000000,,,,,8.74
3state2ap2acc_parity_13939502589461611420085347157425136244122969_c,7,1,14,1,3,1,CONFLICT,113,3,1,0,1,0.00
2state2ap2acc_parity_04923003682195726666_c,6,1,9,1,4,1,CLEAN,531007,,,,,4.20
3state2ap2acc_parity_14044836076298335719866324967612886856616264,12,1,59,1,4,0,CLEAN,49,,,,,0.00
3state2ap2acc_parity_14044836076298335719866324967612886856616264,14,1,59,5,4,0,BUDGET,1000000,,,,,9.25
3state2ap2acc_parity_14044836076298335719866324967612886856616264,15,1,59,1,4,0,CLEAN,49,,,,,0.00
2state2ap2acc_parity_05235049127064699020,14,1,47,3,4,0,BUDGET,1000000,,,,,14.37
3state2ap2acc_parity_14044836076298335719866324967612886856616264,17,1,59,5,4,0,BUDGET,1000000,,,,,7.93
3state2ap2acc_parity_14044836076298335719866324967612886856616264_c,12,1,59,1,4,0,CLEAN,49,,,,,0.00
3state2ap2acc_parity_14044836076298335719866324967612886856616264_c,14,1,59,5,4,0,BUDGET,1000000,,,,,9.02
3state2ap2acc_parity_03482195632060633420120722351180726207960086,15,1,40,4,4,1,CONFLICT,216,3,1,0,1,0.00
3state2ap2acc_parity_14044836076298335719866324967612886856616264_c,15,1,59,1,4,0,CLEAN,49,,,,,0.00
3state2ap2acc_parity_14044836076298335719866324967612886856616264_c,17,1,59,5,4,0,BUDGET,1000000,,,,,8.40
3state2ap2acc_parity_14122322237705402063424891878630450175732896,9,1,39,3,4,1,CONFLICT,9062,6,1,0,1,0.04
3state2ap2acc_parity_14122322237705402063424891878630450175732896,10,1,39,3,4,1,CONFLICT,9848,6,1,0,1,0.07
3state2ap2acc_parity_14122322237705402063424891878630450175732896,11,1,39,3,4,1,CONFLICT,13772,6,1,0,1,0.10
3state2ap2acc_parity_14122322237705402063424891878630450175732896_c,9,1,39,3,4,1,CONFLICT,9062,6,1,0,1,0.06
3state2ap2acc_parity_14122322237705402063424891878630450175732896_c,10,1,39,3,4,1,CONFLICT,9848,6,1,0,1,0.04
3state2ap2acc_parity_14122322237705402063424891878630450175732896_c,11,1,39,3,4,1,CONFLICT,13772,6,1,0,1,0.06
3state2ap2acc_parity_14187696287525319699726623503636843130614373,7,1,26,3,4,1,BUDGET,1000000,,,,,8.90
3state2ap2acc_parity_14187696287525319699726623503636843130614373,8,1,26,3,4,1,BUDGET,1000000,,,,,15.06
3state2ap2acc_parity_03482195632060633420120722351180726207960086_c,7,1,40,4,4,1,CONFLICT,108,3,1,0,1,0.00
3state2ap2acc_parity_14187696287525319699726623503636843130614373,10,1,26,3,4,1,BUDGET,1000000,,,,,14.11
3state2ap2acc_parity_14187696287525319699726623503636843130614373_c,7,1,26,3,4,1,BUDGET,1000000,,,,,12.74
2state2ap2acc_parity_05235049127064699020,17,1,47,3,4,0,BUDGET,1000000,,,,,10.07
3state2ap2acc_parity_14187696287525319699726623503636843130614373_c,8,1,26,3,4,1,BUDGET,1000000,,,,,14.44
3state2ap2acc_parity_14187696287525319699726623503636843130614373_c,10,1,26,3,4,1,BUDGET,1000000,,,,,10.05
3state2ap2acc_parity_14640345009540178756934700191540411232346135,6,1,22,3,4,1,BUDGET,1000000,,,,,12.19
3state2ap2acc_parity_14640345009540178756934700191540411232346135,8,1,22,3,4,1,BUDGET,1000000,,,,,13.92
3state2ap2acc_parity_14640345009540178756934700191540411232346135,9,1,22,3,4,1,BUDGET,1000000,,,,,12.08
3state2ap2acc_parity_14640345009540178756934700191540411232346135_c,6,1,22,3,4,1,BUDGET,1000000,,,,,12.32
3state2ap2acc_parity_14640345009540178756934700191540411232346135_c,8,1,22,3,4,1,BUDGET,1000000,,,,,14.07
2state2ap2acc_parity_01863874747393295720,15,1,26,1,4,1,CONFLICT,1554,5,1,0,1,0.01
3state2ap2acc_parity_14640345009540178756934700191540411232346135_c,9,1,22,3,4,1,BUDGET,1000000,,,,,9.42
2state2ap2acc_parity_05235049127064699020,18,1,47,3,4,0,BUDGET,1000000,,,,,9.46
2state2ap2acc_parity_05235049127064699020_c,14,1,47,3,4,0,BUDGET,1000000,,,,,11.34
3state2ap2acc_parity_15377585186585244386570480866490820334912621,10,1,64,4,4,1,BUDGET,1000000,,,,,11.39
3state2ap2acc_parity_15377585186585244386570480866490820334912621,11,1,64,4,4,1,BUDGET,1000000,,,,,15.13
3state2ap2acc_parity_15377585186585244386570480866490820334912621,13,1,64,4,4,1,BUDGET,1000000,,,,,11.37
3state2ap2acc_parity_15377585186585244386570480866490820334912621,15,1,64,4,4,1,BUDGET,1000000,,,,,15.44
3state2ap2acc_parity_15377585186585244386570480866490820334912621,17,1,64,4,4,1,BUDGET,1000000,,,,,11.42
3state2ap2acc_parity_15377585186585244386570480866490820334912621_c,10,1,64,4,4,1,BUDGET,1000000,,,,,9.14
3state2ap2acc_parity_15377585186585244386570480866490820334912621_c,11,1,64,4,4,1,BUDGET,1000000,,,,,15.69
3state2ap2acc_parity_03482195632060633420120722351180726207960086_c,13,1,40,4,4,1,CONFLICT,216,3,1,0,1,0.00
2state2ap2acc_parity_05235049127064699020_c,17,1,47,3,4,0,BUDGET,1000000,,,,,11.30
3state2ap2acc_parity_15377585186585244386570480866490820334912621_c,13,1,64,4,4,1,BUDGET,1000000,,,,,12.61
3state2ap2acc_parity_15377585186585244386570480866490820334912621_c,15,1,64,4,4,1,BUDGET,1000000,,,,,15.02
3state2ap2acc_parity_15377585186585244386570480866490820334912621_c,17,1,64,4,4,1,BUDGET,1000000,,,,,14.79
2state2ap2acc_parity_05235049127064699020_c,18,1,47,3,4,0,BUDGET,1000000,,,,,10.42
2state2ap2acc_parity_05502713764944941083,4,1,21,3,4,1,BUDGET,1000000,,,,,13.38
2state2ap2acc_parity_00070780542479492635_c,9,1,28,3,4,0,BUDGET,1000000,,,,,9.78
3state2ap2acc_parity_16062070664843909880647987779447071953006640,3,1,17,2,4,1,CONFLICT,44,3,1,0,1,0.00
3state2ap2acc_parity_16062070664843909880647987779447071953006640,6,1,17,2,4,1,CONFLICT,49,3,1,0,1,0.00
3state2ap2acc_parity_16062070664843909880647987779447071953006640,7,1,17,1,4,1,CONFLICT,76,3,1,0,1,0.00
3state2ap2acc_parity_03482195632060633420120722351180726207960086_c,14,1,40,4,4,1,CONFLICT,81,3,1,0,1,0.00
3state2ap2acc_parity_16062070664843909880647987779447071953006640,8,1,17,1,4,1,CONFLICT,223,3,1,0,1,0.00
3state2ap2acc_parity_16062070664843909880647987779447071953006640_c,3,1,17,2,4,1,CONFLICT,44,3,1,0,1,0.00
3state2ap2acc_parity_16062070664843909880647987779447071953006640_c,6,1,17,2,4,1,CONFLICT,49,3,1,0,1,0.00
3state2ap2acc_parity_16062070664843909880647987779447071953006640_c,7,1,17,1,4,1,CONFLICT,76,3,1,0,1,0.00
3state2ap2acc_parity_16062070664843909880647987779447071953006640_c,8,1,17,1,4,1,CONFLICT,223,3,1,0,1,0.00
2state2ap2acc_parity_05502713764944941083,5,1,21,3,4,1,BUDGET,1000000,,,,,12.61
2state2ap2acc_parity_05502713764944941083,7,1,21,3,4,1,BUDGET,1000000,,,,,15.30
2state2ap2acc_parity_05502713764944941083_c,4,1,21,3,4,1,BUDGET,1000000,,,,,13.18
2state2ap2acc_parity_05502713764944941083_c,5,1,21,3,4,1,BUDGET,1000000,,,,,12.97
3state2ap2acc_parity_16748764567145580638330131912583150576271987,6,1,26,4,4,1,BUDGET,1000000,,,,,11.37
3state2ap2acc_parity_03482195632060633420120722351180726207960086_c,15,1,40,4,4,1,CONFLICT,216,3,1,0,1,0.00
3state2ap2acc_parity_16748764567145580638330131912583150576271987,7,1,26,4,4,1,BUDGET,1000000,,,,,9.60
3state2ap2acc_parity_16748764567145580638330131912583150576271987,8,1,26,4,4,1,BUDGET,1000000,,,,,9.83
3state2ap2acc_parity_16748764567145580638330131912583150576271987,9,1,26,1,4,1,CLEAN,41,,,,,0.00
3state2ap2acc_parity_16748764567145580638330131912583150576271987,10,1,26,4,4,1,BUDGET,1000000,,,,,11.54
3state2ap2acc_parity_16748764567145580638330131912583150576271987_c,6,1,26,4,4,1,BUDGET,1000000,,,,,11.44
3state2ap2acc_parity_16748764567145580638330131912583150576271987_c,7,1,26,4,4,1,BUDGET,1000000,,,,,13.66
3state2ap2acc_parity_16748764567145580638330131912583150576271987_c,8,1,26,4,4,1,BUDGET,1000000,,,,,13.08
3state2ap2acc_parity_16748764567145580638330131912583150576271987_c,9,1,26,1,4,1,CLEAN,41,,,,,0.00
3state2ap2acc_parity_16748764567145580638330131912583150576271987_c,10,1,26,4,4,1,BUDGET,1000000,,,,,12.35
3state2ap2acc_parity_16808163678595692615762495463004687209792029,6,1,170,6,4,0,CLEAN,26430,,,,,0.11
2state2ap2acc_parity_01863874747393295720_c,12,1,26,2,4,1,CONFLICT,1124,5,1,0,1,0.00
3state2ap2acc_parity_16808163678595692615762495463004687209792029,10,1,170,6,4,0,CLEAN,26430,,,,,0.11
2state2ap2acc_parity_05502713764944941083_c,7,1,21,3,4,1,BUDGET,1000000,,,,,14.14
3state2ap2acc_parity_16808163678595692615762495463004687209792029,16,1,170,6,4,0,CLEAN,26430,,,,,0.11
3state2ap2acc_parity_16808163678595692615762495463004687209792029,21,1,170,6,4,0,CLEAN,26430,,,,,0.20
3state2ap2acc_parity_16808163678595692615762495463004687209792029,25,1,170,6,4,0,CLEAN,26430,,,,,0.11
3state2ap2acc_parity_16808163678595692615762495463004687209792029,29,1,170,6,4,0,CLEAN,26430,,,,,0.20
2state2ap2acc_parity_05522610772710766970,6,1,25,3,4,1,BUDGET,1000000,,,,,9.92
3state2ap2acc_parity_16808163678595692615762495463004687209792029,33,1,170,6,4,0,CLEAN,26430,,,,,0.22
3state2ap2acc_parity_16808163678595692615762495463004687209792029_c,6,1,170,6,4,0,CLEAN,26430,,,,,0.11
3state2ap2acc_parity_16808163678595692615762495463004687209792029_c,10,1,170,6,4,0,CLEAN,26430,,,,,0.11
2state2ap1acc_parity_0898814024_c,8,1,16,1,4,1,CLEAN,906162,,,,,13.52
3state2ap2acc_parity_16808163678595692615762495463004687209792029_c,16,1,170,6,4,0,CLEAN,26430,,,,,0.11
3state2ap2acc_parity_16808163678595692615762495463004687209792029_c,21,1,170,6,4,0,CLEAN,26430,,,,,0.11
3state2ap2acc_parity_16808163678595692615762495463004687209792029_c,25,1,170,6,4,0,CLEAN,26430,,,,,0.11
3state2ap2acc_parity_16808163678595692615762495463004687209792029_c,29,1,170,6,4,0,CLEAN,26430,,,,,0.11
2state2ap2acc_parity_05522610772710766970,8,1,25,3,4,1,BUDGET,1000000,,,,,8.29
2state2ap2acc_parity_00070780542479492635_c,10,1,28,3,4,0,BUDGET,1000000,,,,,9.03
2state2ap1acc_parity_0048820304,14,1,34,1,4,0,CONFLICT,1788,6,1,0,1,0.01
3state2ap2acc_parity_16808163678595692615762495463004687209792029_c,33,1,170,6,4,0,CLEAN,26430,,,,,0.11
2state2ap2acc_parity_05522610772710766970,9,1,25,3,4,1,BUDGET,1000000,,,,,7.83
3state2ap2acc_parity_16914650401117159229241292696058490060448707,11,1,120,7,4,1,BUDGET,1000000,,,,,9.43
3state2ap2acc_parity_04262520061542217484639694031122322476253616,16,1,78,6,4,1,BUDGET,1000000,,,,,14.63
3state2ap2acc_parity_16914650401117159229241292696058490060448707,15,1,120,7,4,1,BUDGET,1000000,,,,,10.61
3state2ap2acc_parity_16914650401117159229241292696058490060448707,19,1,120,7,4,1,BUDGET,1000000,,,,,7.75
3state2ap2acc_parity_16914650401117159229241292696058490060448707,23,1,120,7,4,1,BUDGET,1000000,,,,,6.64
3state2ap2acc_parity_16914650401117159229241292696058490060448707,27,1,120,7,4,1,BUDGET,1000000,,,,,6.60
3state2ap2acc_parity_16914650401117159229241292696058490060448707,31,1,120,7,4,1,BUDGET,1000000,,,,,10.51
3state2ap2acc_parity_16914650401117159229241292696058490060448707_c,11,1,120,7,4,1,BUDGET,1000000,,,,,7.85
2state2ap2acc_parity_05522610772710766970_c,6,1,25,3,4,1,BUDGET,1000000,,,,,14.01
3state2ap2acc_parity_16914650401117159229241292696058490060448707_c,15,1,120,7,4,1,BUDGET,1000000,,,,,6.77
3state2ap2acc_parity_16914650401117159229241292696058490060448707_c,19,1,120,7,4,1,BUDGET,1000000,,,,,8.62
3state2ap2acc_parity_16914650401117159229241292696058490060448707_c,23,1,120,7,4,1,BUDGET,1000000,,,,,6.71
2state2ap2acc_parity_01863874747393295720_c,14,1,26,2,4,1,CONFLICT,744,5,1,0,1,0.00
3state2ap2acc_parity_01780485004139890192805854219217070000489011,15,1,75,5,4,1,CONFLICT,38393,8,1,0,1,0.11
3state2ap2acc_parity_16914650401117159229241292696058490060448707_c,27,1,120,7,4,1,BUDGET,1000000,,,,,10.82
3state2ap2acc_parity_16914650401117159229241292696058490060448707_c,31,1,120,7,4,1,BUDGET,1000000,,,,,5.99
3state2ap2acc_parity_16937129906124508145947381424569758274093150,15,1,130,6,4,1,CONFLICT,5386,4,1,0,1,0.03
3state2ap2acc_parity_16937129906124508145947381424569758274093150,19,1,130,6,4,1,CONFLICT,5274,4,1,0,1,0.03
3state2ap2acc_parity_16937129906124508145947381424569758274093150,21,1,130,6,4,1,CONFLICT,4120,4,1,0,1,0.02
3state2ap2acc_parity_16937129906124508145947381424569758274093150,22,1,130,2,4,1,CONFLICT,25,4,1,0,1,0.00
3state2ap2acc_parity_16937129906124508145947381424569758274093150,23,1,130,6,4,1,CONFLICT,4140,4,1,0,1,0.02
3state2ap2acc_parity_16937129906124508145947381424569758274093150,24,1,130,2,4,1,CONFLICT,25,4,1,0,1,0.00
3state2ap2acc_parity_16937129906124508145947381424569758274093150,25,1,130,6,4,1,CONFLICT,5315,4,1,0,1,0.03
3state2ap2acc_parity_16937129906124508145947381424569758274093150_c,15,1,130,6,4,1,CONFLICT,5386,4,1,0,1,0.03
3state2ap2acc_parity_04262520061542217484639694031122322476253616_c,16,1,78,6,4,1,BUDGET,1000000,,,,,13.08
3state2ap2acc_parity_16937129906124508145947381424569758274093150_c,19,1,130,6,4,1,CONFLICT,5274,4,1,0,1,0.03
3state2ap2acc_parity_16937129906124508145947381424569758274093150_c,21,1,130,6,4,1,CONFLICT,4120,4,1,0,1,0.02
3state2ap2acc_parity_16937129906124508145947381424569758274093150_c,22,1,130,2,4,1,CONFLICT,25,4,1,0,1,0.00
3state2ap2acc_parity_16937129906124508145947381424569758274093150_c,23,1,130,6,4,1,CONFLICT,4140,4,1,0,1,0.02
3state2ap2acc_parity_16937129906124508145947381424569758274093150_c,24,1,130,2,4,1,CONFLICT,25,4,1,0,1,0.00
2state2ap2acc_parity_05522610772710766970_c,8,1,25,3,4,1,BUDGET,1000000,,,,,9.99
3state2ap2acc_parity_16937129906124508145947381424569758274093150_c,25,1,130,6,4,1,CONFLICT,5315,4,1,0,1,0.03
3state2ap2acc_parity_17090490482621203773380305740101506020958637,10,1,70,4,4,1,CONFLICT,3306,6,1,0,1,0.02
3state2ap2acc_parity_17090490482621203773380305740101506020958637,16,1,70,4,4,1,CONFLICT,3135,6,1,0,1,0.01
3state2ap2acc_parity_17090490482621203773380305740101506020958637,20,1,70,4,4,1,CONFLICT,2933,6,1,0,1,0.02
3state2ap2acc_parity_04290111865843214334382313628225177616302156,9,1,57,5,4,1,BUDGET,1000000,,,,,14.31
3state2ap2acc_parity_17090490482621203773380305740101506020958637,22,1,70,4,4,1,CONFLICT,4952,6,1,0,1,0.04
2state2ap2acc_parity_05522610772710766970_c,9,1,25,3,4,1,BUDGET,1000000,,,,,8.57
3state2ap2acc_parity_17090490482621203773380305740101506020958637_c,10,1,70,4,4,1,CONFLICT,3306,6,1,0,1,0.02
3state2ap2acc_parity_17090490482621203773380305740101506020958637_c,16,1,70,4,4,1,CONFLICT,3135,6,1,0,1,0.02
3state2ap2acc_parity_17090490482621203773380305740101506020958637_c,20,1,70,4,4,1,CONFLICT,2933,6,1,0,1,0.02
3state2ap2acc_parity_17090490482621203773380305740101506020958637_c,22,1,70,4,4,1,CONFLICT,4952,6,1,0,1,0.02
2state2ap2acc_parity_05595583569518420391,5,1,22,3,4,1,BUDGET,1000000,,,,,10.98
2state2ap2acc_parity_05595583569518420391,6,1,22,3,4,1,BUDGET,1000000,,,,,9.07
3state2ap2acc_parity_17176534523875652450967506264329392376154309,4,1,24,3,4,1,BUDGET,1000000,,,,,14.38
3state2ap2acc_parity_17176534523875652450967506264329392376154309,6,1,24,3,4,1,BUDGET,1000000,,,,,13.04
3state2ap2acc_parity_04290111865843214334382313628225177616302156,14,1,57,5,4,1,BUDGET,1000000,,,,,11.94
3state2ap2acc_parity_17176534523875652450967506264329392376154309,8,1,24,3,4,1,BUDGET,1000000,,,,,15.39
3state2ap2acc_parity_17176534523875652450967506264329392376154309_c,4,1,24,3,4,1,BUDGET,1000000,,,,,12.42
3state2ap2acc_parity_17176534523875652450967506264329392376154309_c,6,1,24,3,4,1,BUDGET,1000000,,,,,12.45
3state2ap2acc_parity_17176534523875652450967506264329392376154309_c,8,1,24,3,4,1,BUDGET,1000000,,,,,11.16
3state2ap2acc_parity_17256777809672929554857622979850165510394022,3,1,16,3,4,1,BUDGET,1000000,,,,,14.76
3state2ap2acc_parity_17256777809672929554857622979850165510394022,4,1,16,1,4,1,CLEAN,35,,,,,0.00
3state2ap2acc_parity_17256777809672929554857622979850165510394022,5,1,16,3,4,1,BUDGET,1000000,,,,,10.72
3state2ap2acc_parity_17256777809672929554857622979850165510394022,6,1,16,3,4,1,BUDGET,1000000,,,,,10.62
3state2ap2acc_parity_17256777809672929554857622979850165510394022_c,3,1,16,3,4,1,BUDGET,1000000,,,,,11.24
2state2ap2acc_parity_05595583569518420391,8,1,22,3,4,1,BUDGET,1000000,,,,,9.16
2state2ap2acc_parity_01863874747393295720_c,15,1,26,1,4,1,CONFLICT,1554,5,1,0,1,0.01
3state2ap2acc_parity_17256777809672929554857622979850165510394022_c,4,1,16,1,4,1,CLEAN,35,,,,,0.00
3state2ap2acc_parity_17256777809672929554857622979850165510394022_c,5,1,16,3,4,1,BUDGET,1000000,,,,,10.46
3state2ap2acc_parity_17256777809672929554857622979850165510394022_c,6,1,16,3,4,1,BUDGET,1000000,,,,,10.68
3state2ap2acc_parity_17666099960829395194005400980429339414495756,13,1,94,2,4,1,CLEAN,190,,,,,0.00
3state2ap2acc_parity_17666099960829395194005400980429339414495756,16,1,94,5,4,1,BUDGET,1000000,,,,,12.32
3state2ap2acc_parity_17666099960829395194005400980429339414495756,18,1,94,5,4,1,BUDGET,1000000,,,,,10.96
3state2ap2acc_parity_17666099960829395194005400980429339414495756,19,1,94,2,4,1,CLEAN,190,,,,,0.00
3state2ap2acc_parity_17666099960829395194005400980429339414495756,20,1,94,2,4,1,CLEAN,190,,,,,0.00
3state2ap2acc_parity_17666099960829395194005400980429339414495756,21,1,94,5,4,1,BUDGET,1000000,,,,,9.51
3state2ap2acc_parity_17666099960829395194005400980429339414495756,22,1,94,5,4,1,BUDGET,1000000,,,,,13.36
3state2ap2acc_parity_04290111865843214334382313628225177616302156,15,1,57,5,4,1,BUDGET,1000000,,,,,11.01
2state2ap2acc_parity_05595583569518420391_c,5,1,22,3,4,1,BUDGET,1000000,,,,,12.22
2state2ap2acc_parity_00070780542479492635_c,11,1,28,3,4,0,BUDGET,1000000,,,,,10.97
3state2ap2acc_parity_17666099960829395194005400980429339414495756,23,1,94,2,4,1,CLEAN,190,,,,,0.00
3state2ap2acc_parity_17666099960829395194005400980429339414495756,24,1,94,5,4,1,BUDGET,1000000,,,,,11.89
3state2ap2acc_parity_17666099960829395194005400980429339414495756_c,16,1,94,5,4,1,BUDGET,1000000,,,,,9.27
3state2ap2acc_parity_17666099960829395194005400980429339414495756_c,18,1,94,5,4,1,BUDGET,1000000,,,,,9.24
3state2ap2acc_parity_17666099960829395194005400980429339414495756_c,19,1,94,2,4,1,CLEAN,190,,,,,0.00
3state2ap2acc_parity_17666099960829395194005400980429339414495756_c,20,1,94,2,4,1,CLEAN,190,,,,,0.00
3state2ap2acc_parity_17666099960829395194005400980429339414495756_c,21,1,94,5,4,1,BUDGET,1000000,,,,,13.14
3state2ap2acc_parity_17666099960829395194005400980429339414495756_c,22,1,94,5,4,1,BUDGET,1000000,,,,,11.25
3state2ap2acc_parity_04290111865843214334382313628225177616302156,16,1,57,5,4,1,BUDGET,1000000,,,,,12.19
3state2ap2acc_parity_17666099960829395194005400980429339414495756_c,23,1,94,2,4,1,CLEAN,190,,,,,0.00
3state2ap2acc_parity_17666099960829395194005400980429339414495756_c,24,1,94,5,4,1,BUDGET,1000000,,,,,13.76
2state2ap2acc_parity_05595583569518420391_c,6,1,22,3,4,1,BUDGET,1000000,,,,,9.53
3state2ap2acc_parity_17836677167009705954290632306689914438200052,9,1,99,1,4,1,CLEAN,55,,,,,0.00
3state2ap2acc_parity_17836677167009705954290632306689914438200052,14,1,99,1,4,1,CLEAN,55,,,,,0.00
3state2ap2acc_parity_17836677167009705954290632306689914438200052,20,1,99,1,4,1,CLEAN,55,,,,,0.00
3state2ap2acc_parity_17836677167009705954290632306689914438200052_c,14,1,99,1,4,1,CLEAN,55,,,,,0.00
3state2ap2acc_parity_17836677167009705954290632306689914438200052_c,20,1,99,1,4,1,CLEAN,55,,,,,0.00
3state2ap2acc_parity_18123209551579246106179169096651300457694486,16,1,80,5,4,1,BUDGET,1000000,,,,,7.86
2state2ap2acc_parity_05595583569518420391_c,8,1,22,3,4,1,BUDGET,1000000,,,,,10.61
3state2ap2acc_parity_04290111865843214334382313628225177616302156_c,9,1,57,5,4,1,BUDGET,1000000,,,,,10.88
3state2ap2acc_parity_18123209551579246106179169096651300457694486,17,1,80,5,4,1,CONFLICT,355,3,1,0,1,0.00
3state2ap2acc_parity_18123209551579246106179169096651300457694486,19,1,80,5,4,1,BUDGET,1000000,,,,,11.12
3state2ap2acc_parity_18123209551579246106179169096651300457694486,20,1,80,5,4,1,BUDGET,1000000,,,,,9.83
3state2ap2acc_parity_18123209551579246106179169096651300457694486,21,1,80,5,4,1,CONFLICT,437,5,1,0,1,0.00
3state2ap2acc_parity_18123209551579246106179169096651300457694486_c,16,1,80,5,4,1,BUDGET,1000000,,,,,10.30
3state2ap2acc_parity_18123209551579246106179169096651300457694486_c,17,1,80,5,4,1,CONFLICT,355,3,1,0,1,0.00
3state2ap2acc_parity_18123209551579246106179169096651300457694486_c,19,1,80,5,4,1,BUDGET,1000000,,,,,13.30
3state2ap2acc_parity_18123209551579246106179169096651300457694486_c,20,1,80,5,4,1,BUDGET,1000000,,,,,10.37
3state2ap2acc_parity_18123209551579246106179169096651300457694486_c,21,1,80,5,4,1,CONFLICT,437,5,1,0,1,0.00
2state2ap2acc_parity_05770070685202830714,5,1,17,2,4,1,CONFLICT,179,3,1,0,1,0.00
3state2ap2acc_parity_04290111865843214334382313628225177616302156_c,14,1,57,5,4,1,BUDGET,1000000,,,,,8.39
3state2ap2acc_parity_18181927234692996982511550779449148087771687,7,1,16,1,4,1,CONFLICT,381,5,1,0,1,0.00
3state2ap2acc_parity_18181927234692996982511550779449148087771687_c,7,1,16,1,4,1,CONFLICT,381,5,1,0,1,0.00
2state2ap2acc_parity_05770070685202830714,7,1,17,2,4,1,CONFLICT,944,5,1,0,1,0.01
3state2ap2acc_parity_19701724584142420114909819560843882650367088,7,1,41,4,4,1,BUDGET,1000000,,,,,10.07
3state2ap2acc_parity_19701724584142420114909819560843882650367088,9,1,41,4,4,1,CONFLICT,284,3,1,0,1,0.00
3state2ap2acc_parity_19701724584142420114909819560843882650367088,10,1,41,1,4,1,CONFLICT,25,3,1,0,1,0.00
3state2ap2acc_parity_19701724584142420114909819560843882650367088,12,1,41,4,4,1,BUDGET,1000000,,,,,10.00
3state2ap2acc_parity_19701724584142420114909819560843882650367088,13,1,41,4,4,1,CONFLICT,432,3,1,0,1,0.00
2state2ap2acc_parity_05770070685202830714_c,5,1,17,2,4,1,CONFLICT,179,3,1,0,1,0.00
3state2ap2acc_parity_19701724584142420114909819560843882650367088_c,7,1,41,4,4,1,BUDGET,1000000,,,,,10.71
3state2ap2acc_parity_04290111865843214334382313628225177616302156_c,15,1,57,5,4,1,BUDGET,1000000,,,,,11.17
3state2ap2acc_parity_19701724584142420114909819560843882650367088_c,9,1,41,4,4,1,CONFLICT,284,3,1,0,1,0.00
3state2ap2acc_parity_19701724584142420114909819560843882650367088_c,10,1,41,1,4,1,CONFLICT,25,3,1,0,1,0.00
3state2ap2acc_parity_19701724584142420114909819560843882650367088_c,12,1,41,4,4,1,BUDGET,1000000,,,,,13.00
3state2ap2acc_parity_19701724584142420114909819560843882650367088_c,13,1,41,4,4,1,CONFLICT,432,3,1,0,1,0.00
3state2ap2acc_parity_20108337927433044631246790781263870438478398,14,1,59,1,4,1,CONFLICT,1548,4,1,0,1,0.01
3state2ap2acc_parity_20108337927433044631246790781263870438478398_c,14,1,59,1,4,1,CONFLICT,1548,4,1,0,1,0.01
2state2ap2acc_parity_05770070685202830714_c,7,1,17,2,4,1,CONFLICT,944,5,1,0,1,0.00
2state2ap2acc_parity_05928472454425936171,5,1,8,1,4,1,CLEAN,585857,,,,,5.61
2state2ap2acc_parity_00113859048058933820,3,1,17,2,4,1,CONFLICT,760,6,1,0,1,0.00
2state2ap2acc_parity_05928472454425936171_c,5,1,8,1,4,1,CLEAN,585857,,,,,5.68
3state2ap2acc_parity_04290111865843214334382313628225177616302156_c,16,1,57,5,4,1,BUDGET,1000000,,,,,12.70
3state2ap2acc_parity_01780485004139890192805854219217070000489011,18,1,75,5,4,1,BUDGET,1000000,,,,,14.81
2state2ap2acc_parity_05983266170514214042,4,1,17,3,4,1,BUDGET,1000000,,,,,10.92
2state2ap2acc_parity_05983266170514214042,5,1,17,3,4,1,BUDGET,1000000,,,,,13.34
2state2ap2acc_parity_05983266170514214042,7,1,17,3,4,1,BUDGET,1000000,,,,,10.28
2state2ap2acc_parity_05983266170514214042_c,4,1,17,3,4,1,BUDGET,1000000,,,,,11.50
2state2ap2acc_parity_05983266170514214042_c,5,1,17,3,4,1,BUDGET,1000000,,,,,12.44
2state2ap2acc_parity_05983266170514214042_c,7,1,17,3,4,1,BUDGET,1000000,,,,,11.95
2state2ap2acc_parity_06360534675873411890,7,1,20,2,4,1,CONFLICT,365,5,1,0,1,0.00
2state2ap2acc_parity_06360534675873411890,8,1,20,2,4,1,CONFLICT,1477,6,1,0,1,0.01
2state2ap2acc_parity_06360534675873411890,9,1,20,1,4,1,CONFLICT,813,5,1,0,1,0.00
2state2ap2acc_parity_06360534675873411890_c,7,1,20,2,4,1,CONFLICT,365,5,1,0,1,0.00
3state2ap2acc_parity_04293279035531711165121808122671204563452021,13,1,76,4,4,1,BUDGET,1000000,,,,,9.87
2state2ap2acc_parity_06360534675873411890_c,8,1,20,2,4,1,CONFLICT,1477,6,1,0,1,0.01
2state2ap2acc_parity_06360534675873411890_c,9,1,20,1,4,1,CONFLICT,813,5,1,0,1,0.00
2state2ap2acc_parity_06371523214819767226,5,1,25,3,4,1,BUDGET,1000000,,,,,12.00
2state2ap2acc_parity_06371523214819767226,6,1,25,3,4,1,BUDGET,1000000,,,,,10.55
2state2ap2acc_parity_06371523214819767226,8,1,25,3,4,1,BUDGET,1000000,,,,,10.15
2state2ap2acc_parity_06371523214819767226_c,5,1,25,3,4,1,BUDGET,1000000,,,,,11.58
2state2ap2acc_parity_06371523214819767226_c,6,1,25,3,4,1,BUDGET,1000000,,,,,11.82
2state2ap2acc_parity_06371523214819767226_c,8,1,25,3,4,1,BUDGET,1000000,,,,,10.13
2state2ap2acc_parity_06924408684623176407,10,1,35,3,4,0,BUDGET,1000000,,,,,12.29
2state2ap2acc_parity_06924408684623176407,12,1,35,3,4,0,CONFLICT,140,3,1,0,1,0.00
2state2ap2acc_parity_01914081442192496000,6,1,11,1,4,1,CLEAN,560960,,,,,7.49
2state2ap2acc_parity_06924408684623176407,13,1,35,3,4,0,BUDGET,1000000,,,,,10.50
2state2ap2acc_parity_06924408684623176407_c,10,1,35,3,4,0,BUDGET,1000000,,,,,12.22
2state2ap2acc_parity_06924408684623176407_c,12,1,35,3,4,0,CONFLICT,140,3,1,0,1,0.00
2state2ap2acc_parity_06924408684623176407_c,13,1,35,3,4,0,BUDGET,1000000,,,,,10.01
2state2ap2acc_parity_06979317537213016749,5,1,16,2,4,1,BUDGET,1000000,,,,,15.89
2state2ap2acc_parity_00113859048058933820,7,1,17,2,4,1,CONFLICT,1498,6,1,0,1,0.01
2state2ap2acc_parity_06979317537213016749,6,1,16,2,4,1,BUDGET,1000000,,,,,13.37
2state2ap2acc_parity_06979317537213016749_c,5,1,16,2,4,1,BUDGET,1000000,,,,,15.03
2state2ap2acc_parity_06979317537213016749_c,6,1,16,2,4,1,BUDGET,1000000,,,,,10.72
2state2ap2acc_parity_07285067545879021657,4,1,19,3,4,1,BUDGET,1000000,,,,,11.52
3state2ap2acc_parity_04293279035531711165121808122671204563452021,15,1,76,4,4,1,BUDGET,1000000,,,,,8.25
2state2ap2acc_parity_07285067545879021657,5,1,19,3,4,1,BUDGET,1000000,,,,,11.05
2state2ap2acc_parity_07285067545879021657,7,1,19,3,4,1,BUDGET,1000000,,,,,9.10
2state2ap2acc_parity_07285067545879021657_c,4,1,19,3,4,1,BUDGET,1000000,,,,,9.55
2state2ap2acc_parity_07285067545879021657_c,5,1,19,3,4,1,BUDGET,1000000,,,,,13.40
2state2ap2acc_parity_00113859048058933820,8,1,17,1,4,1,CONFLICT,1678,5,1,0,1,0.01
2state2ap2acc_parity_07285067545879021657_c,7,1,19,3,4,1,BUDGET,1000000,,,,,9.03
2state2ap2acc_parity_07549897894277139661,6,1,18,2,4,1,CONFLICT,73,3,1,0,1,0.00
2state2ap2acc_parity_07549897894277139661_c,6,1,18,2,4,1,CONFLICT,73,3,1,0,1,0.00
2state2ap2acc_parity_08100252335632731199,6,1,20,2,4,1,CONFLICT,222008,7,1,0,1,3.22
2state2ap2acc_parity_08100252335632731199,7,1,20,2,4,1,CONFLICT,222219,8,1,0,1,2.11
3state2ap2acc_parity_04293279035531711165121808122671204563452021,17,1,76,4,4,1,BUDGET,1000000,,,,,7.97
2state2ap2acc_parity_08100252335632731199_c,6,1,20,2,4,1,CONFLICT,222008,7,1,0,1,2.10
2state2ap2acc_parity_08100252335632731199_c,7,1,20,2,4,1,CONFLICT,222219,8,1,0,1,2.12
2state2ap2acc_parity_08126800300893939076,4,1,17,2,4,1,CONFLICT,84,3,1,0,1,0.00
2state2ap2acc_parity_00113859048058933820_c,3,1,17,2,4,1,CONFLICT,760,6,1,0,1,0.00
2state2ap2acc_parity_08126800300893939076,7,1,17,2,4,1,CONFLICT,94,3,1,0,1,0.00
2state2ap2acc_parity_08126800300893939076_c,4,1,17,2,4,1,CONFLICT,84,3,1,0,1,0.00
2state2ap2acc_parity_08126800300893939076_c,7,1,17,2,4,1,CONFLICT,94,3,1,0,1,0.00
2state2ap2acc_parity_08157655028811488476,5,1,16,2,4,1,BUDGET,1000000,,,,,10.16
2state2ap2acc_parity_08157655028811488476,6,1,16,2,4,1,BUDGET,1000000,,,,,10.84
2state2ap2acc_parity_08157655028811488476_c,5,1,16,2,4,1,BUDGET,1000000,,,,,10.80
3state2ap2acc_parity_04293279035531711165121808122671204563452021,18,1,76,4,4,1,BUDGET,1000000,,,,,11.26
2state2ap2acc_parity_08157655028811488476_c,6,1,16,2,4,1,BUDGET,1000000,,,,,10.35
2state2ap2acc_parity_08428841554743566745,10,1,36,3,4,1,CONFLICT,1655,6,1,0,1,0.01
2state2ap2acc_parity_08428841554743566745,12,1,36,3,4,1,CONFLICT,1361,6,1,0,1,0.00
2state2ap2acc_parity_08428841554743566745,13,1,36,3,4,1,CONFLICT,928,6,1,0,1,0.00
2state2ap2acc_parity_08428841554743566745_c,10,1,36,3,4,1,CONFLICT,1655,6,1,0,1,0.01
2state2ap2acc_parity_08428841554743566745_c,12,1,36,3,4,1,CONFLICT,1361,6,1,0,1,0.00
2state2ap2acc_parity_08428841554743566745_c,13,1,36,3,4,1,CONFLICT,928,6,1,0,1,0.00
2state2ap2acc_parity_08509043498043523396,5,1,16,2,4,1,BUDGET,1000000,,,,,10.22
2state2ap2acc_parity_08509043498043523396,6,1,16,2,4,1,BUDGET,1000000,,,,,9.78
2state2ap2acc_parity_08509043498043523396_c,5,1,16,2,4,1,BUDGET,1000000,,,,,14.08
3state2ap2acc_parity_04293279035531711165121808122671204563452021_c,13,1,76,4,4,1,BUDGET,1000000,,,,,10.08
2state2ap2acc_parity_08509043498043523396_c,6,1,16,2,4,1,BUDGET,1000000,,,,,11.08
2state2ap2acc_parity_09284946827460257822,6,1,24,3,4,0,BUDGET,1000000,,,,,8.80
2state2ap2acc_parity_09284946827460257822,8,1,24,3,4,0,BUDGET,1000000,,,,,9.10
2state2ap2acc_parity_09284946827460257822,9,1,24,3,4,0,BUDGET,1000000,,,,,12.71
2state2ap2acc_parity_09284946827460257822_c,6,1,24,3,4,0,BUDGET,1000000,,,,,12.43
2state2ap2acc_parity_09284946827460257822_c,8,1,24,3,4,0,BUDGET,1000000,,,,,10.23
2state2ap2acc_parity_09284946827460257822_c,9,1,24,3,4,0,BUDGET,1000000,,,,,14.81
2state2ap2acc_parity_09859479116121313474,9,1,38,3,4,0,BUDGET,1000000,,,,,14.11
2state2ap2acc_parity_09859479116121313474,12,1,38,3,4,0,BUDGET,1000000,,,,,10.08
2state2ap2acc_parity_00113859048058933820_c,7,1,17,2,4,1,CONFLICT,1498,6,1,0,1,0.00
3state2ap2acc_parity_04293279035531711165121808122671204563452021_c,15,1,76,4,4,1,BUDGET,1000000,,,,,10.93
2state2ap2acc_parity_09859479116121313474,13,1,38,3,4,0,BUDGET,1000000,,,,,10.54
2state2ap2acc_parity_09859479116121313474_c,9,1,38,3,4,0,BUDGET,1000000,,,,,10.11
2state2ap2acc_parity_09859479116121313474_c,12,1,38,3,4,0,BUDGET,1000000,,,,,10.23
2state2ap2acc_parity_09859479116121313474_c,13,1,38,3,4,0,BUDGET,1000000,,,,,14.40
2state2ap2acc_parity_10653955739934347510,5,1,24,3,4,1,BUDGET,1000000,,,,,10.77
2state2ap2acc_parity_10653955739934347510,7,1,24,3,4,1,BUDGET,1000000,,,,,10.15
2state2ap2acc_parity_10653955739934347510,8,1,24,3,4,1,BUDGET,1000000,,,,,12.38
2state2ap2acc_parity_10653955739934347510_c,5,1,24,3,4,1,BUDGET,1000000,,,,,14.08
2state2ap2acc_parity_00113859048058933820_c,8,1,17,1,4,1,CONFLICT,1678,5,1,0,1,0.01
2state2ap2acc_parity_10653955739934347510_c,7,1,24,3,4,1,BUDGET,1000000,,,,,10.23
3state2ap2acc_parity_04293279035531711165121808122671204563452021_c,17,1,76,4,4,1,BUDGET,1000000,,,,,7.93
2state2ap2acc_parity_10653955739934347510_c,8,1,24,3,4,1,BUDGET,1000000,,,,,9.57
2state2ap2acc_parity_10983480624563192694,7,1,13,1,4,1,CLEAN,585917,,,,,4.81
2state2ap2acc_parity_10983480624563192694_c,7,1,13,1,4,1,CLEAN,585917,,,,,5.90
2state2ap2acc_parity_10987750656385672256,6,1,9,1,4,1,CLEAN,560880,,,,,5.02
2state2ap2acc_parity_10987750656385672256_c,6,1,9,1,4,1,CLEAN,560880,,,,,5.46
2state2ap2acc_parity_11563909197478391015,5,1,16,2,4,1,BUDGET,1000000,,,,,11.94
2state2ap2acc_parity_11563909197478391015,6,1,16,2,4,1,BUDGET,1000000,,,,,14.42
2state2ap2acc_parity_11563909197478391015_c,5,1,16,2,4,1,BUDGET,1000000,,,,,10.34
2state2ap2acc_parity_00159574951345576014,5,1,24,3,4,1,BUDGET,1000000,,,,,10.03
2state2ap2acc_parity_11563909197478391015_c,6,1,16,2,4,1,BUDGET,1000000,,,,,10.87
3state2ap2acc_parity_04293279035531711165121808122671204563452021_c,18,1,76,4,4,1,BUDGET,1000000,,,,,9.89
2state2ap2acc_parity_11881763356144357543,4,1,13,2,4,1,BUDGET,1000000,,,,,14.40
2state2ap2acc_parity_11881763356144357543,5,1,13,2,4,1,BUDGET,1000000,,,,,10.82
2state2ap2acc_parity_11881763356144357543_c,4,1,13,2,4,1,BUDGET,1000000,,,,,10.30
2state2ap2acc_parity_11881763356144357543_c,5,1,13,2,4,1,BUDGET,1000000,,,,,9.64
2state2ap2acc_parity_12125081597581071066,5,1,32,3,4,1,BUDGET,1000000,,,,,13.91
2state2ap2acc_parity_12125081597581071066,9,1,32,3,4,1,CONFLICT,205,3,1,0,1,0.00
2state2ap2acc_parity_12125081597581071066,10,1,32,3,4,1,BUDGET,1000000,,,,,10.86
2state2ap2acc_parity_12125081597581071066_c,5,1,32,3,4,1,BUDGET,1000000,,,,,13.34
2state2ap2acc_parity_12125081597581071066_c,9,1,32,3,4,1,CONFLICT,205,3,1,0,1,0.00
2state2ap2acc_parity_12125081597581071066_c,10,1,32,3,4,1,BUDGET,1000000,,,,,15.67
2state2ap2acc_parity_01914081442192496000_c,6,1,11,1,4,1,CLEAN,560960,,,,,7.53
3state2ap2acc_parity_01780485004139890192805854219217070000489011,19,1,75,5,4,1,BUDGET,1000000,,,,,14.62
2state2ap2acc_parity_12293368285436983580,7,1,16,1,4,1,CLEAN,586226,,,,,5.50
2state2ap2acc_parity_12293368285436983580_c,7,1,16,1,4,1,CLEAN,586226,,,,,5.37
2state2ap2acc_parity_12682742220935630001,6,1,9,1,4,1,CLEAN,560880,,,,,5.17
2state2ap2acc_parity_12682742220935630001_c,6,1,9,1,4,1,CLEAN,560880,,,,,7.14
2state2ap2acc_parity_12726042477177204477,4,1,11,2,4,1,BUDGET,1000000,,,,,10.51
2state2ap2acc_parity_00159574951345576014,7,1,24,3,4,1,BUDGET,1000000,,,,,11.96
2state2ap2acc_parity_12726042477177204477,5,1,11,2,4,1,BUDGET,1000000,,,,,9.65
2state2ap2acc_parity_12726042477177204477_c,4,1,11,2,4,1,BUDGET,1000000,,,,,10.04
2state2ap2acc_parity_12726042477177204477_c,5,1,11,2,4,1,BUDGET,1000000,,,,,10.68
2state2ap2acc_parity_12726839051350068302,4,1,11,2,4,1,BUDGET,1000000,,,,,13.74
2state2ap2acc_parity_02613231945794024176,6,1,18,2,4,1,BUDGET,1000000,,,,,16.47
2state2ap2acc_parity_12726839051350068302,5,1,11,2,4,1,BUDGET,1000000,,,,,9.83
2state2ap2acc_parity_12726839051350068302_c,4,1,11,2,4,1,BUDGET,1000000,,,,,11.20
2state2ap2acc_parity_12726839051350068302_c,5,1,11,2,4,1,BUDGET,1000000,,,,,9.99
2state2ap2acc_parity_12770986806829009029,10,1,15,1,4,1,CLEAN,560888,,,,,5.30
2state2ap2acc_parity_12770986806829009029_c,10,1,15,1,4,1,CLEAN,560888,,,,,5.13
2state2ap2acc_parity_12856971236255351261,6,1,10,1,4,1,CLEAN,560880,,,,,4.88
2state2ap2acc_parity_00159574951345576014,8,1,24,3,4,1,BUDGET,1000000,,,,,9.97
2state2ap2acc_parity_12856971236255351261_c,6,1,10,1,4,1,CLEAN,560880,,,,,6.47
2state2ap2acc_parity_13872042487650145799,10,1,32,3,4,1,BUDGET,1000000,,,,,9.85
2state2ap2acc_parity_13872042487650145799,11,1,32,3,4,1,BUDGET,1000000,,,,,10.30
3state2ap2acc_parity_04396263878180991706233891487063055629705865,15,1,121,6,4,1,CONFLICT,3225,7,1,0,1,0.01
2state2ap2acc_parity_13872042487650145799,12,1,32,3,4,1,BUDGET,1000000,,,,,8.43
2state2ap2acc_parity_13872042487650145799_c,10,1,32,3,4,1,BUDGET,1000000,,,,,13.65
2state2ap2acc_parity_13872042487650145799_c,11,1,32,3,4,1,BUDGET,1000000,,,,,10.09
2state2ap2acc_parity_13872042487650145799_c,12,1,32,3,4,1,BUDGET,1000000,,,,,12.53
2state2ap2acc_parity_14258488281636406183,4,1,21,3,4,1,BUDGET,1000000,,,,,10.78
2state2ap2acc_parity_14258488281636406183,5,1,21,3,4,1,BUDGET,1000000,,,,,11.75
2state2ap2acc_parity_00159574951345576014_c,5,1,24,3,4,1,BUDGET,1000000,,,,,9.67
2state2ap2acc_parity_14258488281636406183,7,1,21,3,4,1,BUDGET,1000000,,,,,9.84
2state2ap2acc_parity_14258488281636406183_c,4,1,21,3,4,1,BUDGET,1000000,,,,,10.65
2state2ap2acc_parity_14258488281636406183_c,5,1,21,3,4,1,BUDGET,1000000,,,,,10.23
3state2ap2acc_parity_04396263878180991706233891487063055629705865,23,1,121,6,4,1,CONFLICT,5707,7,1,0,1,0.03
2state2ap2acc_parity_14258488281636406183_c,7,1,21,3,4,1,BUDGET,1000000,,,,,9.30
2state2ap2acc_parity_14330239440957300868,6,1,17,2,4,1,CONFLICT,1597,5,1,0,1,0.01
2state2ap2acc_parity_14330239440957300868,7,1,17,2,4,1,CONFLICT,136,3,1,0,1,0.00
2state2ap2acc_parity_14330239440957300868_c,6,1,17,2,4,1,CONFLICT,1597,5,1,0,1,0.01
2state2ap2acc_parity_14330239440957300868_c,7,1,17,2,4,1,CONFLICT,136,3,1,0,1,0.00
2state2ap2acc_parity_14333480082093385877,11,1,29,2,4,1,CONFLICT,921,5,1,0,1,0.00
2state2ap2acc_parity_14333480082093385877,16,1,29,2,4,1,CONFLICT,1150,5,1,0,1,0.01
2state2ap2acc_parity_14333480082093385877_c,11,1,29,2,4,1,CONFLICT,921,5,1,0,1,0.00
2state2ap2acc_parity_14333480082093385877_c,16,1,29,2,4,1,CONFLICT,1150,5,1,0,1,0.00
2state2ap2acc_parity_14700613900789262013,4,1,21,2,4,1,CONFLICT,683,5,1,0,1,0.00
3state2ap2acc_parity_04396263878180991706233891487063055629705865,24,1,121,6,4,1,CONFLICT,4830,7,1,0,1,0.02
2state2ap2acc_parity_00159574951345576014_c,7,1,24,3,4,1,BUDGET,1000000,,,,,14.12
2state2ap2acc_parity_14700613900789262013,8,1,21,2,4,1,CONFLICT,1018,5,1,0,1,0.00
2state2ap2acc_parity_14700613900789262013_c,4,1,21,2,4,1,CONFLICT,683,5,1,0,1,0.00
2state2ap2acc_parity_14700613900789262013_c,8,1,21,2,4,1,CONFLICT,1018,5,1,0,1,0.01
2state2ap2acc_parity_14758967385165899847,5,1,25,3,4,1,BUDGET,1000000,,,,,12.98
2state2ap2acc_parity_14758967385165899847,8,1,25,3,4,1,BUDGET,1000000,,,,,13.32
2state2ap2acc_parity_14758967385165899847,9,1,25,3,4,1,BUDGET,1000000,,,,,8.75
2state2ap2acc_parity_14758967385165899847_c,5,1,25,3,4,1,BUDGET,1000000,,,,,9.67
2state2ap2acc_parity_00159574951345576014_c,8,1,24,3,4,1,BUDGET,1000000,,,,,10.55
2state2ap2acc_parity_14758967385165899847_c,8,1,25,3,4,1,BUDGET,1000000,,,,,10.18
3state2ap2acc_parity_04396263878180991706233891487063055629705865,28,1,121,6,4,1,CONFLICT,6249,7,1,0,1,0.04
2state2ap2acc_parity_14758967385165899847_c,9,1,25,3,4,1,BUDGET,1000000,,,,,9.10
2state2ap2acc_parity_15000387690674922722,7,1,12,1,4,1,CLEAN,561129,,,,,5.63
2state2ap2acc_parity_15000387690674922722_c,7,1,12,1,4,1,CLEAN,561129,,,,,4.85
2state2ap2acc_parity_15006719037511641887,7,1,23,3,4,1,CONFLICT,145,3,1,0,1,0.00
2state2ap2acc_parity_15006719037511641887,8,1,23,3,4,1,BUDGET,1000000,,,,,10.95
2state2ap2acc_parity_15006719037511641887,9,1,23,3,4,1,CONFLICT,146,3,1,0,1,0.00
2state2ap2acc_parity_15006719037511641887_c,7,1,23,3,4,1,CONFLICT,145,3,1,0,1,0.00
2state2ap2acc_parity_15006719037511641887_c,8,1,23,3,4,1,BUDGET,1000000,,,,,16.75
2state2ap2acc_parity_00206838851290704112,11,1,39,3,4,0,BUDGET,1000000,,,,,10.91
2state2ap1acc_parity_0048820304,17,1,34,1,4,0,CONFLICT,1288,6,1,0,1,0.01
3state2ap2acc_parity_04396263878180991706233891487063055629705865,30,1,121,6,4,1,CONFLICT,3178,7,1,0,1,0.01
2state2ap2acc_parity_15006719037511641887_c,9,1,23,3,4,1,CONFLICT,146,3,1,0,1,0.00
2state2ap2acc_parity_15594420265329067216,5,1,8,1,4,1,CLEAN,585857,,,,,5.23
2state2ap2acc_parity_15594420265329067216_c,5,1,8,1,4,1,CLEAN,585857,,,,,5.32
2state2ap2acc_parity_16167537752663071043,6,1,17,2,4,1,CONFLICT,400988,5,1,0,1,3.89
2state2ap2acc_parity_16167537752663071043,7,1,17,2,4,1,CONFLICT,400920,5,1,0,1,3.96
2state2ap2acc_parity_16167537752663071043_c,6,1,17,2,4,1,CONFLICT,400988,5,1,0,1,6.04
2state2ap2acc_parity_16167537752663071043_c,7,1,17,2,4,1,CONFLICT,400920,5,1,0,1,4.09
2state2ap2acc_parity_16193713864077296884,6,1,17,2,3,1,CONFLICT,54,3,1,0,1,0.00
2state2ap2acc_parity_16193713864077296884,7,1,17,2,3,1,CONFLICT,29,3,1,0,1,0.00
2state2ap2acc_parity_16193713864077296884_c,6,1,17,2,3,1,CONFLICT,54,3,1,0,1,0.00
3state2ap2acc_parity_04396263878180991706233891487063055629705865_c,15,1,121,6,4,1,CONFLICT,3225,7,1,0,1,0.01
2state2ap2acc_parity_00206838851290704112,13,1,39,3,4,0,BUDGET,1000000,,,,,10.46
2state2ap2acc_parity_16193713864077296884_c,7,1,17,2,3,1,CONFLICT,29,3,1,0,1,0.00
2state2ap2acc_parity_16473800139310039218,8,1,28,3,4,0,BUDGET,1000000,,,,,11.79
2state2ap2acc_parity_16473800139310039218,10,1,28,3,4,0,BUDGET,1000000,,,,,11.43
2state2ap2acc_parity_16473800139310039218,11,1,28,3,4,0,BUDGET,1000000,,,,,8.19
2state2ap2acc_parity_16473800139310039218_c,8,1,28,3,4,0,BUDGET,1000000,,,,,8.53
2state2ap2acc_parity_16473800139310039218_c,10,1,28,3,4,0,BUDGET,1000000,,,,,8.44
2state2ap2acc_parity_16473800139310039218_c,11,1,28,3,4,0,BUDGET,1000000,,,,,9.68
2state2ap2acc_parity_16593697657777363039,5,1,25,3,4,1,BUDGET,1000000,,,,,13.06
2state2ap2acc_parity_16593697657777363039,6,1,25,3,4,1,BUDGET,1000000,,,,,11.18
3state2ap2acc_parity_04396263878180991706233891487063055629705865_c,23,1,121,6,4,1,CONFLICT,5707,7,1,0,1,0.03
2state2ap2acc_parity_00206838851290704112,14,1,39,3,4,0,BUDGET,1000000,,,,,10.97
2state2ap2acc_parity_16593697657777363039,8,1,25,3,4,1,BUDGET,1000000,,,,,15.53
2state2ap2acc_parity_16593697657777363039_c,5,1,25,3,4,1,BUDGET,1000000,,,,,11.09
2state2ap2acc_parity_16593697657777363039_c,6,1,25,3,4,1,BUDGET,1000000,,,,,15.69
2state2ap2acc_parity_16593697657777363039_c,8,1,25,3,4,1,BUDGET,1000000,,,,,11.30
2state3ap1acc_parity_00400964461790798993,9,1,28,3,8,0,BUDGET,1000000,,,,,10.03
2state3ap1acc_parity_00400964461790798993,11,1,28,3,8,0,BUDGET,1000000,,,,,9.84
2state3ap1acc_parity_00400964461790798993_c,9,1,28,3,8,0,BUDGET,1000000,,,,,7.38
2state2ap2acc_parity_00206838851290704112_c,11,1,39,3,4,0,BUDGET,1000000,,,,,11.43
2state3ap1acc_parity_00400964461790798993_c,11,1,28,3,8,0,BUDGET,1000000,,,,,8.36
3state2ap2acc_parity_04396263878180991706233891487063055629705865_c,24,1,121,6,4,1,CONFLICT,4830,7,1,0,1,0.02
2state3ap1acc_parity_00563227171796617636,10,1,31,3,8,1,BUDGET,1000000,,,,,7.46
2state3ap1acc_parity_00563227171796617636,12,1,31,3,8,1,BUDGET,1000000,,,,,10.78
2state3ap1acc_parity_00563227171796617636_c,10,1,31,3,8,1,BUDGET,1000000,,,,,8.47
2state3ap1acc_parity_00563227171796617636_c,12,1,31,3,8,1,BUDGET,1000000,,,,,7.80
2state2ap2acc_parity_00206838851290704112_c,13,1,39,3,4,0,BUDGET,1000000,,,,,12.91
2state3ap1acc_parity_00686725347803615268,15,1,50,3,8,1,CONFLICT,69796,6,1,0,1,0.38
2state3ap1acc_parity_00686725347803615268,16,1,50,3,8,1,CONFLICT,119798,6,1,0,1,0.40
2state2ap2acc_parity_00206838851290704112_c,14,1,39,3,4,0,BUDGET,1000000,,,,,14.96
2state3ap1acc_parity_00686725347803615268_c,15,1,50,3,8,1,CONFLICT,69796,6,1,0,1,0.24
2state3ap1acc_parity_00686725347803615268_c,16,1,50,3,8,1,CONFLICT,119798,6,1,0,1,0.39
3state2ap2acc_parity_04396263878180991706233891487063055629705865_c,28,1,121,6,4,1,CONFLICT,6249,7,1,0,1,0.03
3state2ap2acc_parity_01780485004139890192805854219217070000489011,20,1,75,5,4,1,BUDGET,1000000,,,,,13.76
2state3ap1acc_parity_00694317499186108691,8,1,21,1,8,0,BUDGET,1000000,,,,,7.25
2state2ap2acc_parity_00300816315923964079,11,1,35,3,4,0,BUDGET,1000000,,,,,13.15
2state3ap1acc_parity_00694317499186108691,12,1,21,1,8,0,BUDGET,1000000,,,,,6.70
2state3ap1acc_parity_00694317499186108691_c,8,1,21,1,8,0,BUDGET,1000000,,,,,9.13
2state3ap1acc_parity_00694317499186108691_c,12,1,21,1,8,0,BUDGET,1000000,,,,,9.18
2state3ap1acc_parity_01190702083017216040,13,1,40,3,7,0,BUDGET,1000000,,,,,11.03
2state3ap1acc_parity_01190702083017216040,15,1,40,3,7,0,BUDGET,1000000,,,,,10.73
2state3ap1acc_parity_01190702083017216040_c,13,1,40,3,7,0,BUDGET,1000000,,,,,10.58
2state2ap2acc_parity_00300816315923964079,12,1,35,3,4,0,BUDGET,1000000,,,,,9.94
2state3ap1acc_parity_01190702083017216040_c,15,1,40,3,7,0,BUDGET,1000000,,,,,11.01
3state2ap2acc_parity_04396263878180991706233891487063055629705865_c,30,1,121,6,4,1,CONFLICT,3178,7,1,0,1,0.01
2state3ap1acc_parity_01441688038900536962,10,1,47,3,8,1,BUDGET,1000000,,,,,8.65
2state3ap1acc_parity_01441688038900536962,15,1,47,3,8,1,BUDGET,1000000,,,,,6.31
2state2ap2acc_parity_00300816315923964079,13,1,35,3,4,0,BUDGET,1000000,,,,,10.85
2state3ap1acc_parity_01441688038900536962_c,10,1,47,3,8,1,BUDGET,1000000,,,,,5.94
2state3ap1acc_parity_01441688038900536962_c,15,1,47,3,8,1,BUDGET,1000000,,,,,6.09
2state2ap2acc_parity_00300816315923964079_c,11,1,35,3,4,0,BUDGET,1000000,,,,,12.60
2state3ap1acc_parity_03229356971305243857,15,1,29,1,6,0,BUDGET,1000000,,,,,11.91
2state3ap1acc_parity_03229356971305243857,16,1,29,1,6,0,BUDGET,1000000,,,,,8.20
2state3ap1acc_parity_03229356971305243857_c,15,1,29,1,6,0,BUDGET,1000000,,,,,11.96
2state3ap1acc_parity_03229356971305243857_c,16,1,29,1,6,0,BUDGET,1000000,,,,,8.30
2state2ap2acc_parity_02613231945794024176,8,1,18,2,4,1,BUDGET,1000000,,,,,10.95
2state3ap1acc_parity_04183516953102166478,7,1,19,1,7,1,BUDGET,1000000,,,,,9.07
2state3ap1acc_parity_04183516953102166478,10,1,19,1,7,1,BUDGET,1000000,,,,,9.87
2state3ap1acc_parity_04183516953102166478_c,7,1,19,1,7,1,BUDGET,1000000,,,,,7.73
2state2ap2acc_parity_00300816315923964079_c,12,1,35,3,4,0,BUDGET,1000000,,,,,8.29
2state2ap1acc_parity_0048820304_c,14,1,34,1,4,0,CONFLICT,1788,6,1,0,1,0.01
2state3ap1acc_parity_04183516953102166478_c,10,1,19,1,7,1,BUDGET,1000000,,,,,7.93
2state3ap1acc_parity_04421191306838898176,8,1,18,2,6,1,CONFLICT,3505,4,1,0,1,0.01
2state3ap1acc_parity_04421191306838898176_c,8,1,18,2,6,1,CONFLICT,3505,4,1,0,1,0.01
2state2ap2acc_parity_00300816315923964079_c,13,1,35,3,4,0,BUDGET,1000000,,,,,8.06
2state3ap1acc_parity_05265621111752452744,14,1,29,3,7,0,BUDGET,1000000,,,,,8.11
2state2ap2acc_parity_02613231945794024176_c,6,1,18,2,4,1,BUDGET,1000000,,,,,14.02
2state3ap1acc_parity_05265621111752452744_c,14,1,29,3,7,0,BUDGET,1000000,,,,,7.98
2state3ap1acc_parity_05555710529758587587,10,1,36,3,8,1,CONFLICT,110018,6,1,0,1,0.53
2state3ap1acc_parity_05555710529758587587,12,1,36,3,8,1,CONFLICT,110608,6,1,0,1,0.67
2state3ap1acc_parity_05555710529758587587_c,10,1,36,3,8,1,CONFLICT,110018,6,1,0,1,0.35
2state3ap1acc_parity_05555710529758587587_c,12,1,36,3,8,1,CONFLICT,110608,6,1,0,1,0.67
2state2ap2acc_parity_00315784032083780471,8,1,32,3,4,1,BUDGET,1000000,,,,,13.17
2state3ap1acc_parity_05706837261896771984,15,1,51,3,8,1,CONFLICT,75883,6,1,0,1,0.49
2state3ap1acc_parity_05706837261896771984,16,1,51,3,8,1,CONFLICT,932980,7,1,0,1,8.14
2state3ap1acc_parity_05706837261896771984_c,15,1,51,3,8,1,CONFLICT,75883,6,1,0,1,0.40
2state3ap1acc_parity_05706837261896771984_c,16,1,51,3,8,1,CONFLICT,932980,7,1,0,1,8.26
2state2ap1acc_parity_3772037665,5,1,13,1,4,1,CLEAN,906162,,,,,9.31
2state3ap1acc_parity_05851015537376627983,9,1,31,3,8,0,BUDGET,1000000,,,,,8.86
2state2ap2acc_parity_00315784032083780471,10,1,32,3,4,1,BUDGET,1000000,,,,,11.73
2state3ap1acc_parity_05851015537376627983_c,9,1,31,3,8,0,BUDGET,1000000,,,,,6.70
2state3ap1acc_parity_05999383168032200905,8,1,24,3,7,0,BUDGET,1000000,,,,,9.27
2state3ap1acc_parity_05999383168032200905_c,8,1,24,3,7,0,BUDGET,1000000,,,,,7.29
2state2ap2acc_parity_00315784032083780471,11,1,32,3,4,1,BUDGET,1000000,,,,,10.58
2state3ap1acc_parity_06317510434037988792,10,1,13,1,6,1,BUDGET,1000000,,,,,8.37
2state3ap1acc_parity_06317510434037988792_c,10,1,13,1,6,1,BUDGET,1000000,,,,,12.01
2state3ap1acc_parity_07587064820454455061,12,1,20,1,7,1,BUDGET,1000000,,,,,7.72
2state3ap1acc_parity_07587064820454455061,13,1,20,1,7,1,BUDGET,1000000,,,,,9.78
2state2ap2acc_parity_02613231945794024176_c,8,1,18,2,4,1,BUDGET,1000000,,,,,10.88
2state3ap1acc_parity_07587064820454455061_c,12,1,20,1,7,1,BUDGET,1000000,,,,,8.62
2state2ap2acc_parity_00315784032083780471_c,8,1,32,3,4,1,BUDGET,1000000,,,,,15.31
2state3ap1acc_parity_07587064820454455061_c,13,1,20,1,7,1,BUDGET,1000000,,,,,9.57
2state3ap1acc_parity_08035544545379117594,8,1,17,1,6,1,BUDGET,1000000,,,,,10.32
2state3ap1acc_parity_08035544545379117594,9,1,17,1,6,1,BUDGET,1000000,,,,,8.34
2state3ap1acc_parity_08035544545379117594_c,8,1,17,1,6,1,BUDGET,1000000,,,,,8.25
2state3ap1acc_parity_08035544545379117594_c,9,1,17,1,6,1,BUDGET,1000000,,,,,8.22
2state3ap1acc_parity_08649156823177511470,7,1,26,2,8,1,CONFLICT,9458,5,1,0,1,0.03
2state2ap2acc_parity_00315784032083780471_c,10,1,32,3,4,1,BUDGET,1000000,,,,,12.72
2state3ap1acc_parity_08649156823177511470,10,1,26,2,8,1,CONFLICT,5744,5,1,0,1,0.02
3state2ap2acc_parity_04903004572804496278765946357110565706419238,10,1,49,4,4,1,CONFLICT,949,4,1,0,1,0.00
2state3ap1acc_parity_08649156823177511470_c,7,1,26,2,8,1,CONFLICT,9458,5,1,0,1,0.03
2state3ap1acc_parity_08649156823177511470_c,10,1,26,2,8,1,CONFLICT,5744,5,1,0,1,0.02
2state3ap1acc_parity_08801613791090661145,7,1,18,2,7,1,CONFLICT,115031,7,1,0,1,0.69
2state3ap1acc_parity_08801613791090661145,8,1,18,2,7,1,CONFLICT,89721,7,1,0,1,0.36
2state3ap1acc_parity_08801613791090661145_c,7,1,18,2,7,1,CONFLICT,115031,7,1,0,1,0.69
2state2ap2acc_parity_00315784032083780471_c,11,1,32,3,4,1,BUDGET,1000000,,,,,11.08
2state3ap1acc_parity_08801613791090661145_c,8,1,18,2,7,1,CONFLICT,89721,7,1,0,1,0.51
2state3ap1acc_parity_08940625787256813861,9,1,18,1,6,1,BUDGET,1000000,,,,,8.18
2state3ap1acc_parity_08940625787256813861,10,1,18,1,6,1,BUDGET,1000000,,,,,11.83
2state3ap1acc_parity_08940625787256813861_c,9,1,18,1,6,1,BUDGET,1000000,,,,,8.30
2state2ap2acc_parity_02648063864873096543,8,1,36,3,4,0,BUDGET,1000000,,,,,11.93
2state3ap1acc_parity_08940625787256813861_c,10,1,18,1,6,1,BUDGET,1000000,,,,,9.14
2state3ap1acc_parity_09160929886517859587,10,1,26,2,8,1,BUDGET,1000000,,,,,7.54
2state3ap1acc_parity_09160929886517859587_c,10,1,26,2,8,1,BUDGET,1000000,,,,,7.43
2state2ap2acc_parity_00439074706766889622,9,1,31,3,4,0,BUDGET,1000000,,,,,8.32
2state2ap2acc_parity_00439074706766889622,11,1,31,3,4,0,BUDGET,1000000,,,,,14.50
2state3ap1acc_parity_09900028233791937564,10,1,20,1,7,1,BUDGET,1000000,,,,,7.89
2state3ap1acc_parity_09900028233791937564,11,1,20,1,7,1,BUDGET,1000000,,,,,8.04
2state3ap1acc_parity_09900028233791937564_c,10,1,20,1,7,1,BUDGET,1000000,,,,,7.76
2state3ap1acc_parity_09900028233791937564_c,11,1,20,1,7,1,BUDGET,1000000,,,,,8.11
2state3ap1acc_parity_10819738732151771304,12,1,25,1,8,0,BUDGET,1000000,,,,,6.63
3state2ap2acc_parity_04903004572804496278765946357110565706419238,12,1,49,4,4,1,CONFLICT,298,4,1,0,1,0.00
2state3ap1acc_parity_10819738732151771304,15,1,25,1,8,0,BUDGET,1000000,,,,,8.82
2state3ap1acc_parity_10819738732151771304_c,12,1,25,1,8,0,BUDGET,1000000,,,,,7.11
2state3ap1acc_parity_10819738732151771304_c,15,1,25,1,8,0,BUDGET,1000000,,,,,8.07
2state2ap2acc_parity_00439074706766889622,12,1,31,3,4,0,BUDGET,1000000,,,,,13.35
2state2ap2acc_parity_00439074706766889622_c,9,1,31,3,4,0,BUDGET,1000000,,,,,7.76
2state2ap2acc_parity_00439074706766889622_c,11,1,31,3,4,0,BUDGET,1000000,,,,,14.77
2state3ap1acc_parity_12123910208993388101,9,1,26,3,8,1,BUDGET,1000000,,,,,7.66
2state2ap2acc_parity_00439074706766889622_c,12,1,31,3,4,0,BUDGET,1000000,,,,,11.49
2state3ap1acc_parity_12123910208993388101_c,9,1,26,3,8,1,BUDGET,1000000,,,,,8.41
2state2ap2acc_parity_00479293490505068693,9,1,37,3,4,0,BUDGET,1000000,,,,,11.11
3state2ap2acc_parity_04903004572804496278765946357110565706419238,13,1,49,4,4,1,BUDGET,1000000,,,,,9.83
2state3ap1acc_parity_12209445680436023128,12,1,28,1,7,1,CONFLICT,23219,6,1,0,1,0.10
2state3ap1acc_parity_12209445680436023128,15,1,28,1,7,1,CONFLICT,38424,6,1,0,1,0.13
2state2ap2acc_parity_00479293490505068693,11,1,37,3,4,0,BUDGET,1000000,,,,,12.35
2state3ap1acc_parity_12209445680436023128_c,12,1,28,1,7,1,CONFLICT,23219,6,1,0,1,0.13
2state3ap1acc_parity_12209445680436023128_c,15,1,28,1,7,1,CONFLICT,38424,6,1,0,1,0.22
2state2ap2acc_parity_00479293490505068693,12,1,37,3,4,0,BUDGET,1000000,,,,,10.70
2state3ap1acc_parity_12266215598447852574,11,1,27,2,7,1,BUDGET,1000000,,,,,10.14
2state3ap1acc_parity_12266215598447852574_c,11,1,27,2,7,1,BUDGET,1000000,,,,,7.71
2state3ap1acc_parity_12420149321583670028,5,1,12,2,7,1,CONFLICT,33295,6,1,0,1,0.10
2state2ap2acc_parity_00479293490505068693_c,9,1,37,3,4,0,BUDGET,1000000,,,,,9.48
3state2ap2acc_parity_04903004572804496278765946357110565706419238,15,1,49,4,4,1,CONFLICT,286,4,1,0,1,0.00
3state2ap2acc_parity_01780485004139890192805854219217070000489011_c,14,1,75,5,4,1,BUDGET,1000000,,,,,11.39
2state3ap1acc_parity_12420149321583670028_c,5,1,12,2,7,1,CONFLICT,33295,6,1,0,1,0.17
2state3ap1acc_parity_12867581998520328908,14,1,27,1,6,0,BUDGET,1000000,,,,,10.93
2state3ap1acc_parity_12867581998520328908,15,1,27,1,6,0,BUDGET,1000000,,,,,7.54
2state3ap1acc_parity_12867581998520328908_c,14,1,27,1,6,0,BUDGET,1000000,,,,,8.78
2state3ap1acc_parity_12867581998520328908_c,15,1,27,1,6,0,BUDGET,1000000,,,,,9.96
2state2ap2acc_parity_00479293490505068693_c,11,1,37,3,4,0,BUDGET,1000000,,,,,10.21
2state2ap1acc_parity_0048820304_c,17,1,34,1,4,0,CONFLICT,1288,6,1,0,1,0.01
2state3ap1acc_parity_14634827115906016777,7,1,17,1,6,1,BUDGET,1000000,,,,,7.66
2state3ap1acc_parity_14634827115906016777,9,1,17,1,6,1,BUDGET,1000000,,,,,7.55
2state2ap2acc_parity_00479293490505068693_c,12,1,37,3,4,0,BUDGET,1000000,,,,,9.31
3state2ap2acc_parity_04903004572804496278765946357110565706419238_c,10,1,49,4,4,1,CONFLICT,949,4,1,0,1,0.01
2state3ap1acc_parity_14634827115906016777_c,7,1,17,1,6,1,BUDGET,1000000,,,,,8.29
2state3ap1acc_parity_14634827115906016777_c,9,1,17,1,6,1,BUDGET,1000000,,,,,11.73
2state3ap1acc_parity_14800515215176962483,6,1,20,1,6,1,BUDGET,1000000,,,,,11.02
2state3ap1acc_parity_14800515215176962483,9,1,20,1,6,1,BUDGET,1000000,,,,,8.39
2state3ap1acc_parity_14800515215176962483_c,6,1,20,1,6,1,BUDGET,1000000,,,,,9.48
2state2ap2acc_parity_00484636427467843727,7,1,16,1,4,1,CLEAN,586700,,,,,6.48
2state3ap1acc_parity_14800515215176962483_c,9,1,20,1,6,1,BUDGET,1000000,,,,,11.38
2state3ap1acc_parity_14818256413007078534,9,1,31,3,7,0,BUDGET,1000000,,,,,7.45
2state3ap1acc_parity_14818256413007078534_c,9,1,31,3,7,0,BUDGET,1000000,,,,,7.65
2state3ap1acc_parity_15107626226499575081,10,1,18,2,7,1,BUDGET,1000000,,,,,6.05
3state2ap2acc_parity_04903004572804496278765946357110565706419238_c,12,1,49,4,4,1,CONFLICT,298,4,1,0,1,0.00
2state3ap1acc_parity_15107626226499575081,11,1,18,2,7,1,BUDGET,1000000,,,,,8.80
2state3ap1acc_parity_15107626226499575081_c,10,1,18,2,7,1,BUDGET,1000000,,,,,8.58
2state3ap1acc_parity_15107626226499575081_c,11,1,18,2,7,1,BUDGET,1000000,,,,,7.49
2state2ap2acc_parity_00484636427467843727_c,7,1,16,1,4,1,CLEAN,586700,,,,,5.43
2state3ap1acc_parity_15837219682816402052,10,1,25,3,7,1,BUDGET,1000000,,,,,10.29
2state3ap1acc_parity_15837219682816402052_c,10,1,25,3,7,1,BUDGET,1000000,,,,,7.55
2state3ap1acc_parity_17019428005131849826,10,1,27,1,7,1,BUDGET,1000000,,,,,10.73
2state3ap1acc_parity_17019428005131849826,14,1,27,1,7,1,BUDGET,1000000,,,,,10.93
2state3ap1acc_parity_17019428005131849826_c,10,1,27,1,7,1,BUDGET,1000000,,,,,10.18
2state3ap1acc_parity_17019428005131849826_c,14,1,27,1,7,1,BUDGET,1000000,,,,,7.59
3state2ap2acc_parity_04903004572804496278765946357110565706419238_c,13,1,49,4,4,1,BUDGET,1000000,,,,,9.77
2state3ap1acc_parity_17186011607983164326,12,1,19,1,7,0,CONFLICT,20291,6,1,0,1,0.06
2state2ap2acc_parity_00596159803963630254,11,1,37,3,4,1,CONFLICT,2118,5,1,0,1,0.01
2state3ap1acc_parity_17186011607983164326,13,1,19,1,7,0,CONFLICT,32604,6,1,0,1,0.17
2state3ap1acc_parity_17186011607983164326_c,12,1,19,1,7,0,CONFLICT,20291,6,1,0,1,0.06
2state3ap1acc_parity_17186011607983164326_c,13,1,19,1,7,0,CONFLICT,32604,6,1,0,1,0.17
2state2ap2acc_parity_00596159803963630254,12,1,37,3,4,1,CONFLICT,1410,5,1,0,1,0.01
2state3ap1acc_parity_18211550331080462848,9,1,20,1,7,0,BUDGET,1000000,,,,,7.40
2state2ap2acc_parity_00596159803963630254,13,1,37,3,4,1,CONFLICT,1898,5,1,0,1,0.00
2state3ap1acc_parity_18211550331080462848,11,1,20,1,7,0,BUDGET,1000000,,,,,7.28
2state3ap1acc_parity_18211550331080462848_c,9,1,20,1,7,0,BUDGET,1000000,,,,,9.10
3state2ap2acc_parity_04903004572804496278765946357110565706419238_c,15,1,49,4,4,1,CONFLICT,286,4,1,0,1,0.00
2state3ap1acc_parity_18211550331080462848_c,11,1,20,1,7,0,BUDGET,1000000,,,,,9.57
3state1ap2acc_parity_0268198834134676538498,4,1,130,7,2,0,CLEAN,16121,,,,,0.05
3state1ap2acc_parity_0268198834134676538498,6,1,130,7,2,0,CLEAN,16121,,,,,0.05
3state1ap2acc_parity_0268198834134676538498,11,1,130,7,2,0,CLEAN,16121,,,,,0.05
2state2ap2acc_parity_00596159803963630254_c,11,1,37,3,4,1,CONFLICT,2118,5,1,0,1,0.01
3state1ap2acc_parity_0268198834134676538498,12,1,130,7,2,0,CLEAN,16121,,,,,0.09
3state1ap2acc_parity_0268198834134676538498,16,1,130,7,2,0,CLEAN,16121,,,,,0.05
3state1ap2acc_parity_0268198834134676538498,17,1,130,7,2,0,CLEAN,16121,,,,,0.05
3state1ap2acc_parity_0268198834134676538498,18,1,130,7,2,0,CLEAN,16121,,,,,0.08
3state1ap2acc_parity_0268198834134676538498,21,1,130,7,2,0,CLEAN,16121,,,,,0.05
3state2ap2acc_parity_04917647114524496931224437016019392458668227,4,1,31,4,4,1,BUDGET,1000000,,,,,10.46
3state1ap2acc_parity_0268198834134676538498,23,1,130,7,2,0,CLEAN,16121,,,,,0.05
3state1ap2acc_parity_0268198834134676538498_c,4,1,130,7,2,0,CLEAN,16121,,,,,0.08
2state2ap2acc_parity_00596159803963630254_c,12,1,37,3,4,1,CONFLICT,1410,5,1,0,1,0.00
3state1ap2acc_parity_0268198834134676538498_c,6,1,130,7,2,0,CLEAN,16121,,,,,0.09
3state1ap2acc_parity_0268198834134676538498_c,11,1,130,7,2,0,CLEAN,16121,,,,,0.09
3state1ap2acc_parity_0268198834134676538498_c,12,1,130,7,2,0,CLEAN,16121,,,,,0.05
3state1ap2acc_parity_0268198834134676538498_c,16,1,130,7,2,0,CLEAN,16121,,,,,0.05
3state1ap2acc_parity_0268198834134676538498_c,17,1,130,7,2,0,CLEAN,16121,,,,,0.05
3state1ap2acc_parity_0268198834134676538498_c,18,1,130,7,2,0,CLEAN,16121,,,,,0.09
3state1ap2acc_parity_0268198834134676538498_c,21,1,130,7,2,0,CLEAN,16121,,,,,0.05
3state2ap2acc_parity_04917647114524496931224437016019392458668227,5,1,31,2,4,1,CLEAN,146,,,,,0.00
2state2ap2acc_parity_00596159803963630254_c,13,1,37,3,4,1,CONFLICT,1898,5,1,0,1,0.00
3state1ap2acc_parity_0268198834134676538498_c,23,1,130,7,2,0,CLEAN,16121,,,,,0.05
2state2ap2acc_parity_00660078807834349713,7,1,33,3,4,0,BUDGET,1000000,,,,,8.13
2state2ap1acc_parity_0898814024,7,1,16,1,4,1,CLEAN,906162,,,,,8.88
3state1ap2acc_parity_3145393506624289147654,22,1,80,5,2,0,CONFLICT,582,6,1,0,1,0.01
3state2ap1acc_parity_0887181502909337639061,4,1,17,1,3,1,CONFLICT,1380,3,1,0,1,0.01
3state2ap1acc_parity_0887181502909337639061,7,1,17,1,3,1,CONFLICT,1412,3,1,0,1,0.01
3state2ap1acc_parity_0887181502909337639061_c,4,1,17,1,3,1,CONFLICT,1380,3,1,0,1,0.01
3state2ap1acc_parity_0887181502909337639061_c,7,1,17,1,3,1,CONFLICT,1412,3,1,0,1,0.01
3state2ap1acc_parity_1801237806895442650342,15,1,55,1,4,1,BUDGET,1000000,,,,,11.27
3state2ap2acc_parity_04917647114524496931224437016019392458668227,6,1,31,4,4,1,BUDGET,1000000,,,,,10.53
3state2ap1acc_parity_1801237806895442650342,17,1,55,1,4,1,BUDGET,1000000,,,,,15.71
3state2ap1acc_parity_1801237806895442650342,19,1,55,1,4,1,BUDGET,1000000,,,,,11.40
3state2ap1acc_parity_1801237806895442650342,20,1,55,1,4,1,BUDGET,1000000,,,,,11.40
2state2ap2acc_parity_00660078807834349713,12,1,33,3,4,0,BUDGET,1000000,,,,,10.17
3state2ap1acc_parity_1801237806895442650342_c,15,1,55,1,4,1,BUDGET,1000000,,,,,11.04
3state2ap1acc_parity_1801237806895442650342_c,17,1,55,1,4,1,BUDGET,1000000,,,,,12.80
3state2ap1acc_parity_1801237806895442650342_c,19,1,55,1,4,1,BUDGET,1000000,,,,,10.08
3state2ap1acc_parity_1801237806895442650342_c,20,1,55,1,4,1,BUDGET,1000000,,,,,10.76
3state2ap1acc_parity_3141754209916022796905,8,1,19,1,4,1,CLEAN,979044,,,,,9.68
3state2ap1acc_parity_3141754209916022796905,10,1,19,1,4,1,CLEAN,979044,,,,,10.05
3state2ap2acc_parity_04917647114524496931224437016019392458668227,7,1,31,4,4,1,BUDGET,1000000,,,,,10.48
3state2ap1acc_parity_3141754209916022796905_c,8,1,19,1,4,1,CLEAN,979044,,,,,9.32
2state2ap2acc_parity_00660078807834349713,13,1,33,3,4,0,BUDGET,1000000,,,,,9.30
3state2ap1acc_parity_3141754209916022796905_c,10,1,19,1,4,1,CLEAN,979044,,,,,11.58
2state2ap2acc_parity_00660078807834349713_c,7,1,33,3,4,0,BUDGET,1000000,,,,,8.21
2state2ap2acc_parity_00660078807834349713_c,12,1,33,3,4,0,BUDGET,1000000,,,,,9.54
2state2ap2acc_parity_00660078807834349713_c,13,1,33,3,4,0,BUDGET,1000000,,,,,7.84
2state2ap2acc_parity_01343534804947403014,6,1,13,1,4,1,CLEAN,531677,,,,,7.64
2state2ap1acc_parity_0898814024,8,1,16,1,4,1,CLEAN,906162,,,,,8.61
3state2ap2acc_parity_00145950078354678592542622442268670481382322,7,1,32,3,4,1,BUDGET,1000000,,,,,10.00
3state2ap2acc_parity_00145950078354678592542622442268670481382322,8,1,32,3,4,1,BUDGET,1000000,,,,,11.90
3state2ap2acc_parity_04917647114524496931224437016019392458668227,8,1,31,2,4,1,CLEAN,146,,,,,0.00
3state2ap2acc_parity_00145950078354678592542622442268670481382322,10,1,32,3,4,1,BUDGET,1000000,,,,,14.29
2state2ap2acc_parity_01343534804947403014_c,6,1,13,1,4,1,CLEAN,531677,,,,,4.65
3state2ap2acc_parity_00145950078354678592542622442268670481382322_c,7,1,32,3,4,1,BUDGET,1000000,,,,,10.59
3state2ap2acc_parity_00145950078354678592542622442268670481382322_c,8,1,32,3,4,1,BUDGET,1000000,,,,,14.09
3state2ap2acc_parity_00145950078354678592542622442268670481382322_c,10,1,32,3,4,1,BUDGET,1000000,,,,,14.73
2state2ap2acc_parity_01378938908794225103,10,1,35,3,4,0,BUDGET,1000000,,,,,11.86
3state2ap2acc_parity_00235886993773694390966782803867390819255335,9,1,48,4,4,1,BUDGET,1000000,,,,,10.32
3state2ap2acc_parity_00235886993773694390966782803867390819255335,12,1,48,4,4,1,BUDGET,1000000,,,,,9.95
3state2ap2acc_parity_00235886993773694390966782803867390819255335,15,1,48,4,4,1,BUDGET,1000000,,,,,10.03
2state2ap2acc_parity_01378938908794225103,12,1,35,3,4,0,BUDGET,1000000,,,,,9.61
3state2ap2acc_parity_04917647114524496931224437016019392458668227,9,1,31,4,4,1,BUDGET,1000000,,,,,10.40
3state2ap2acc_parity_01780485004139890192805854219217070000489011_c,15,1,75,5,4,1,CONFLICT,38393,8,1,0,1,0.12
